<?xml version="1.0" encoding="UTF-8"?>
<metadata xml:lang="en"><Esri><CreaDate>20140403</CreaDate><CreaTime>16325400</CreaTime><ArcGISFormat>1.0</ArcGISFormat><SyncOnce>FALSE</SyncOnce><DataProperties><itemProps><itemName Sync="TRUE">Parking_Areas_point</itemName><imsContentType Sync="TRUE">002</imsContentType><itemLocation><linkage Sync="TRUE">file://\\FPCADDC1\GIS Home\GIS_DATA\ParksDept-geodata\Parking Areas point\shapefile\temp\Parking_Areas_point.shp</linkage><protocol Sync="TRUE">Local Area Network</protocol></itemLocation><itemSize Sync="TRUE">0.000</itemSize><nativeExtBox><westBL Sync="TRUE">2660856.995462</westBL><eastBL Sync="TRUE">2746846.969479</eastBL><southBL Sync="TRUE">207783.731666</southBL><northBL Sync="TRUE">293034.398763</northBL><exTypeCode Sync="TRUE">1</exTypeCode></nativeExtBox></itemProps><coordRef><type Sync="TRUE">Projected</type><geogcsn Sync="TRUE">GCS_North_American_1983</geogcsn><csUnits Sync="TRUE">Linear Unit: Foot_US (0.304801)</csUnits><projcsn Sync="TRUE">NAD_1983_StatePlane_Pennsylvania_South_FIPS_3702_Feet</projcsn><peXml Sync="TRUE">&lt;ProjectedCoordinateSystem xsi:type='typens:ProjectedCoordinateSystem' xmlns:xsi='http://www.w3.org/2001/XMLSchema-instance' xmlns:xs='http://www.w3.org/2001/XMLSchema' xmlns:typens='http://www.esri.com/schemas/ArcGIS/10.1'&gt;&lt;WKT&gt;PROJCS[&amp;quot;NAD_1983_StatePlane_Pennsylvania_South_FIPS_3702_Feet&amp;quot;,GEOGCS[&amp;quot;GCS_North_American_1983&amp;quot;,DATUM[&amp;quot;D_North_American_1983&amp;quot;,SPHEROID[&amp;quot;GRS_1980&amp;quot;,6378137.0,298.257222101]],PRIMEM[&amp;quot;Greenwich&amp;quot;,0.0],UNIT[&amp;quot;Degree&amp;quot;,0.0174532925199433]],PROJECTION[&amp;quot;Lambert_Conformal_Conic&amp;quot;],PARAMETER[&amp;quot;False_Easting&amp;quot;,1968500.0],PARAMETER[&amp;quot;False_Northing&amp;quot;,0.0],PARAMETER[&amp;quot;Central_Meridian&amp;quot;,-77.75],PARAMETER[&amp;quot;Standard_Parallel_1&amp;quot;,39.93333333333333],PARAMETER[&amp;quot;Standard_Parallel_2&amp;quot;,40.96666666666667],PARAMETER[&amp;quot;Latitude_Of_Origin&amp;quot;,39.33333333333334],UNIT[&amp;quot;Foot_US&amp;quot;,0.3048006096012192],AUTHORITY[&amp;quot;EPSG&amp;quot;,2272]]&lt;/WKT&gt;&lt;XOrigin&gt;-119214200&lt;/XOrigin&gt;&lt;YOrigin&gt;-96198500&lt;/YOrigin&gt;&lt;XYScale&gt;37163717.489134133&lt;/XYScale&gt;&lt;ZOrigin&gt;-100000&lt;/ZOrigin&gt;&lt;ZScale&gt;10000&lt;/ZScale&gt;&lt;MOrigin&gt;-100000&lt;/MOrigin&gt;&lt;MScale&gt;10000&lt;/MScale&gt;&lt;XYTolerance&gt;0.0032808333333333331&lt;/XYTolerance&gt;&lt;ZTolerance&gt;0.001&lt;/ZTolerance&gt;&lt;MTolerance&gt;0.001&lt;/MTolerance&gt;&lt;HighPrecision&gt;true&lt;/HighPrecision&gt;&lt;WKID&gt;102729&lt;/WKID&gt;&lt;LatestWKID&gt;2272&lt;/LatestWKID&gt;&lt;/ProjectedCoordinateSystem&gt;</peXml></coordRef><lineage><Process ToolSource="c:\program files\arcgis\desktop10.0\ArcToolbox\Toolboxes\Data Management Tools.tbx\Merge" Date="20120808" Time="094135" Name="" export="">Merge Parking_2012;Parking_JoinedTo_Parks X:\Projects\Interns\Regina\Parking\Parking.gdb\PPR_Parking_2012 "Area "Area" true true false 8 Double 0 0 ,First,#,Parking_2012,Area,-1,-1,Parking_JoinedTo_Parks,Area,-1,-1;Perimeter "Perimeter" true true false 8 Double 0 0 ,First,#,Parking_2012,Perimeter,-1,-1,Parking_JoinedTo_Parks,Perimeter,-1,-1;Mat "Mat" true true false 50 Text 0 0 ,First,#,Parking_2012,Mat,-1,-1,Parking_JoinedTo_Parks,Mat,-1,-1;Lights "Lights" true true false 2 Short 0 0 ,First,#,Parking_2012,Lights,-1,-1,Parking_JoinedTo_Parks,Lights,-1,-1;Condition "Condition" true true false 50 Text 0 0 ,First,#,Parking_2012,Condition,-1,-1,Parking_JoinedTo_Parks,Condition,-1,-1;Park "Park" true true false 50 Text 0 0 ,First,#,Parking_2012,Park,-1,-1,Parking_JoinedTo_Parks,Park,-1,-1;SHAPE_Length "SHAPE_Length" false true true 8 Double 0 0 ,First,#,Parking_2012,SHAPE_Length,-1,-1;SHAPE_Area "SHAPE_Area" false true true 8 Double 0 0 ,First,#,Parking_2012,SHAPE_Area,-1,-1;Spaces "Spaces" true true false 17 Text 0 0 ,First,#,Parking_JoinedTo_Parks,Spaces,-1,-1;Curns "Curns" true true false 4 Short 0 4 ,First,#,Parking_JoinedTo_Parks,Curns,-1,-1;Gutters "Gutters" true true false 4 Short 0 4 ,First,#,Parking_JoinedTo_Parks,Gutters,-1,-1"</Process><Process ToolSource="c:\program files\arcgis\desktop10.0\ArcToolbox\Toolboxes\Data Management Tools.tbx\FeatureToPoint" Date="20120815" Time="101112" Name="" export="">FeatureToPoint PPR_Parking_2012 X:\Projects\Interns\Regina\Parking\Parking.gdb\Parking_Centroids_2012 CENTROID</Process><Process ToolSource="c:\program files\arcgis\desktop10.0\ArcToolbox\Toolboxes\Conversion Tools.tbx\FeatureClassToFeatureClass" Date="20120815" Time="101713" Name="" export="">FeatureClassToFeatureClass X:\Projects\Interns\Regina\Parking\Parking.gdb\Parking_Centroids_2012 X:\GIS_DATA\Infrastructure\Parking Parking_Centroids_2012.shp # "Area "Area" true true false 8 Double 0 0 ,First,#,X:\Projects\Interns\Regina\Parking\Parking.gdb\Parking_Centroids_2012,Area,-1,-1;Perimeter "Perimeter" true true false 8 Double 0 0 ,First,#,X:\Projects\Interns\Regina\Parking\Parking.gdb\Parking_Centroids_2012,Perimeter,-1,-1;Mat "Mat" true true false 50 Text 0 0 ,First,#,X:\Projects\Interns\Regina\Parking\Parking.gdb\Parking_Centroids_2012,Mat,-1,-1;Lights "Lights" true true false 2 Short 0 0 ,First,#,X:\Projects\Interns\Regina\Parking\Parking.gdb\Parking_Centroids_2012,Lights,-1,-1;Condition "Condition" true true false 50 Text 0 0 ,First,#,X:\Projects\Interns\Regina\Parking\Parking.gdb\Parking_Centroids_2012,Condition,-1,-1;Park "Park" true true false 50 Text 0 0 ,First,#,X:\Projects\Interns\Regina\Parking\Parking.gdb\Parking_Centroids_2012,Park,-1,-1;Spaces "Spaces" true true false 17 Text 0 0 ,First,#,X:\Projects\Interns\Regina\Parking\Parking.gdb\Parking_Centroids_2012,Spaces,-1,-1;Curns "Curns" true true false 2 Short 0 0 ,First,#,X:\Projects\Interns\Regina\Parking\Parking.gdb\Parking_Centroids_2012,Curns,-1,-1;Gutters "Gutters" true true false 2 Short 0 0 ,First,#,X:\Projects\Interns\Regina\Parking\Parking.gdb\Parking_Centroids_2012,Gutters,-1,-1;ORIG_FID "ORIG_FID" true true false 4 Long 0 0 ,First,#,X:\Projects\Interns\Regina\Parking\Parking.gdb\Parking_Centroids_2012,ORIG_FID,-1,-1" #</Process><Process ToolSource="c:\program files\arcgis\desktop10.0\ArcToolbox\Toolboxes\Conversion Tools.tbx\FeatureClassToFeatureClass" Date="20130729" Time="101922">FeatureClassToFeatureClass X:\GIS_DATA\Layers_delivered\geodb2\072013\PPR_parking_areas_point.shp "Database Connections\GEODB2.sde" PPR_parking_areas_point # "Area "Area" true true false 19 Double 0 0 ,First,#,X:\GIS_DATA\Layers_delivered\geodb2\072013\PPR_parking_areas_point.shp,Area,-1,-1;Perimeter "Perimeter" true true false 19 Double 0 0 ,First,#,X:\GIS_DATA\Layers_delivered\geodb2\072013\PPR_parking_areas_point.shp,Perimeter,-1,-1;Mat "Mat" true true false 50 Text 0 0 ,First,#,X:\GIS_DATA\Layers_delivered\geodb2\072013\PPR_parking_areas_point.shp,Mat,-1,-1;Lights "Lights" true true false 4 Short 0 4 ,First,#,X:\GIS_DATA\Layers_delivered\geodb2\072013\PPR_parking_areas_point.shp,Lights,-1,-1;Park "Park" true true false 50 Text 0 0 ,First,#,X:\GIS_DATA\Layers_delivered\geodb2\072013\PPR_parking_areas_point.shp,Park,-1,-1;Spaces "Spaces" true true false 17 Text 0 0 ,First,#,X:\GIS_DATA\Layers_delivered\geodb2\072013\PPR_parking_areas_point.shp,Spaces,-1,-1" #</Process><Process ToolSource="C:\Program Files\ArcGIS\Desktop10.0\ArcToolbox\Toolboxes\Data Management Tools.tbx\ChangePrivileges" Date="20130729" Time="102047">ChangePrivileges 'Database Connections\GEODB2.sde\GIS_FPC.PPR_parking_areas_point' GIS_ALL_USERS GRANT #</Process><Process ToolSource="c:\program files\arcgis\desktop10.1\ArcToolbox\Toolboxes\Data Management Tools.tbx\CopyFeatures" Date="20140403" Time="163245">CopyFeatures temp_layer "X:\GIS_DATA\ParksDept-geodata\Parking Areas point\shapefile\temp\Parking_Areas_point.shp" # 0 0 0</Process><Process ToolSource="c:\program files\arcgis\desktop10.1\ArcToolbox\Toolboxes\Data Management Tools.tbx\Project" Date="20140403" Time="163254">Project "X:\GIS_DATA\ParksDept-geodata\Parking Areas point\shapefile\temp\Parking_Areas_point.shp" "X:\GIS_DATA\ParksDept-geodata\Parking Areas point\shapefile\Parking_Areas_point.shp" GEOGCS['GCS_WGS_1984',DATUM['D_WGS_1984',SPHEROID['WGS_1984',6378137.0,298.257223563]],PRIMEM['Greenwich',0.0],UNIT['Degree',0.0174532925199433],METADATA['World',-180.0,-90.0,180.0,90.0,0.0,0.0174532925199433,0.0,1262]] WGS_1984_(ITRF00)_To_NAD_1983 PROJCS['NAD_1983_StatePlane_Pennsylvania_South_FIPS_3702_Feet',GEOGCS['GCS_North_American_1983',DATUM['D_North_American_1983',SPHEROID['GRS_1980',6378137.0,298.257222101]],PRIMEM['Greenwich',0.0],UNIT['Degree',0.0174532925199433]],PROJECTION['Lambert_Conformal_Conic'],PARAMETER['False_Easting',1968500.0],PARAMETER['False_Northing',0.0],PARAMETER['Central_Meridian',-77.75],PARAMETER['Standard_Parallel_1',39.93333333333333],PARAMETER['Standard_Parallel_2',40.96666666666667],PARAMETER['Latitude_Of_Origin',39.33333333333334],UNIT['Foot_US',0.3048006096012192]]</Process></lineage></DataProperties><SyncDate>20140403</SyncDate><SyncTime>16324400</SyncTime><ModDate>20140403</ModDate><ModTime>16324400</ModTime><ArcGISProfile>ItemDescription</ArcGISProfile></Esri><dataIdInfo><envirDesc Sync="TRUE">Microsoft Windows 7 Version 6.1 (Build 7601) Service Pack 1; Esri ArcGIS 10.1.1.3143</envirDesc><dataLang><languageCode value="eng" Sync="TRUE"/><countryCode value="USA" Sync="TRUE"/></dataLang><idCitation><resTitle Sync="FALSE">PPR Parkings Areas</resTitle><presForm><PresFormCd value="005" Sync="TRUE"/></presForm></idCitation><spatRpType><SpatRepTypCd value="001" Sync="TRUE"/></spatRpType><idPurp>Parking areas and lots within Philadelphia parks and recreational areas.

Features updated: 8/15/2012
Attributes updated: 8/15/2012
Metadata updated: 07/28/2013
Update frequency: as needed</idPurp><idAbs>&lt;DIV STYLE="text-align:Left;"&gt;&lt;DIV&gt;&lt;DIV&gt;&lt;P&gt;&lt;SPAN&gt;Points indicating the location of parking areas and lots within Philadelphia Parks and Recreation boundaries. &lt;/SPAN&gt;&lt;/P&gt;&lt;P&gt;&lt;SPAN&gt;DATA DEVELOPMENT:&lt;/SPAN&gt;&lt;/P&gt;&lt;P&gt;&lt;SPAN&gt;Vector data of Philadelphia landcover from 2008 were used to determine material type. Orthophotography from 2010 and 2011 was used to determine number of spaces and lighting. Centroids derived from PPR_Parking_2012.&lt;/SPAN&gt;&lt;/P&gt;&lt;P&gt;&lt;SPAN&gt;KEY ATTRIBUTE FIELDS:&lt;/SPAN&gt;&lt;/P&gt;&lt;P&gt;&lt;SPAN&gt;Mat: Material of parking area surface, when known&lt;/SPAN&gt;&lt;/P&gt;&lt;P&gt;&lt;SPAN&gt;Lights: Is there lighting in the parking area? 0=no, 1=yes&lt;/SPAN&gt;&lt;/P&gt;&lt;P&gt;&lt;SPAN&gt;Park: PPR site where the parking area is located&lt;/SPAN&gt;&lt;/P&gt;&lt;P&gt;&lt;SPAN&gt;Spaces: Number of parking spaces, when known&lt;/SPAN&gt;&lt;/P&gt;&lt;P&gt;&lt;SPAN&gt;COORDINATE SYSTEM:&lt;/SPAN&gt;&lt;/P&gt;&lt;P STYLE="margin:0 0 0 0;"&gt;&lt;SPAN&gt;&lt;SPAN&gt;Lambert Conformal Conic, NAD83, PA South Stateplane coordinates, US Foot.&lt;/SPAN&gt;&lt;/SPAN&gt;&lt;/P&gt;&lt;P STYLE="margin:0 0 0 0;"&gt;&lt;SPAN&gt;&lt;SPAN /&gt;&lt;/SPAN&gt;&lt;/P&gt;&lt;P STYLE="margin:0 0 0 0;"&gt;&lt;SPAN&gt;THEMATIC MAPPING&lt;/SPAN&gt;&lt;/P&gt;&lt;P STYLE="margin:0 0 0 0;"&gt;&lt;SPAN /&gt;&lt;/P&gt;&lt;P STYLE="margin:0 0 0 0;"&gt;&lt;SPAN&gt;Use the Park field for thematic mapping&lt;/SPAN&gt;&lt;/P&gt;&lt;P /&gt;&lt;/DIV&gt;&lt;/DIV&gt;&lt;/DIV&gt;</idAbs><idCredit>Nora Dougherty, Geospatial Analyst
Philadelphia Parks &amp; Recreation
One Parkway, 10th Floor
1515 Arch Street
Philadelphia, PA 19102</idCredit><searchKeys><keyword>City of Philadelphia</keyword><keyword>Parks and Recreation</keyword><keyword>parks</keyword><keyword>parking</keyword></searchKeys><dataExt><geoEle><GeoBndBox esriExtentType="search"><westBL Sync="TRUE">-75.282852</westBL><eastBL Sync="TRUE">-74.967055</eastBL><northBL Sync="TRUE">40.111100</northBL><southBL Sync="TRUE">39.870165</southBL></GeoBndBox></geoEle></dataExt><resConst><Consts><useLimit>&lt;DIV STYLE="text-align:Left;"&gt;&lt;DIV&gt;&lt;DIV&gt;&lt;P&gt;&lt;SPAN&gt;The City of Philadelphia makes no representation about the accuracy of any specific information in this GIS data and is provided “as is” and without Warranty of any kind. Boundaries are self-reported. The user of this data will assume complete responsibility for any and all occurrences resulting from its use or display and will hold the City of Philadelphia harmless from any and all claims, demands, liabilities, obligations, damages, suits, judgments or settlements, including reasonable costs and attorneys' fees, that arise from use of this data.&lt;/SPAN&gt;&lt;/P&gt;&lt;/DIV&gt;&lt;/DIV&gt;&lt;/DIV&gt;</useLimit></Consts></resConst></dataIdInfo><mdLang><languageCode value="eng" Sync="TRUE"/><countryCode value="USA" Sync="TRUE"/></mdLang><distInfo><distFormat><formatName Sync="TRUE">Shapefile</formatName></distFormat><distTranOps><transSize Sync="TRUE">0.000</transSize></distTranOps></distInfo><mdHrLv><ScopeCd value="005" Sync="TRUE"/></mdHrLv><mdHrLvName Sync="TRUE">dataset</mdHrLvName><refSysInfo><RefSystem><refSysID><identCode code="2272" Sync="TRUE" value="2272"/><idCodeSpace Sync="TRUE">EPSG</idCodeSpace><idVersion Sync="TRUE">7.11.2</idVersion></refSysID></RefSystem></refSysInfo><spatRepInfo><VectSpatRep><geometObjs Name="Parking_Areas_point"><geoObjTyp><GeoObjTypCd value="004" Sync="TRUE"></GeoObjTypCd></geoObjTyp><geoObjCnt Sync="TRUE">0</geoObjCnt></geometObjs><topLvl><TopoLevCd value="001" Sync="TRUE"></TopoLevCd></topLvl></VectSpatRep></spatRepInfo><spdoinfo><ptvctinf><esriterm Name="Parking_Areas_point"><efeatyp Sync="TRUE">Simple</efeatyp><efeageom code="1" Sync="TRUE"></efeageom><esritopo Sync="TRUE">FALSE</esritopo><efeacnt Sync="TRUE">0</efeacnt><spindex Sync="TRUE">FALSE</spindex><linrefer Sync="TRUE">FALSE</linrefer></esriterm></ptvctinf></spdoinfo><eainfo><detailed Name="Parking_Areas_point"><enttyp><enttypl Sync="TRUE">Parking_Areas_point</enttypl><enttypt Sync="TRUE">Feature Class</enttypt><enttypc Sync="TRUE">0</enttypc></enttyp><attr><attrlabl Sync="TRUE">FID</attrlabl><attalias Sync="TRUE">FID</attalias><attrtype Sync="TRUE">OID</attrtype><attwidth Sync="TRUE">4</attwidth><atprecis Sync="TRUE">0</atprecis><attscale Sync="TRUE">0</attscale><attrdef Sync="TRUE">Internal feature number.</attrdef><attrdefs Sync="TRUE">Esri</attrdefs><attrdomv><udom Sync="TRUE">Sequential unique whole numbers that are automatically generated.</udom></attrdomv></attr><attr><attrlabl Sync="TRUE">Shape</attrlabl><attalias Sync="TRUE">Shape</attalias><attrtype Sync="TRUE">Geometry</attrtype><attwidth Sync="TRUE">0</attwidth><atprecis Sync="TRUE">0</atprecis><attscale Sync="TRUE">0</attscale><attrdef Sync="TRUE">Feature geometry.</attrdef><attrdefs Sync="TRUE">ESRI</attrdefs><attrdomv><udom Sync="TRUE">Coordinates defining the features.</udom></attrdomv></attr><attr><attrlabl Sync="TRUE">GIS_FPC_PP</attrlabl><attalias Sync="TRUE">GIS_FPC_PP</attalias><attrtype Sync="TRUE">Double</attrtype><attwidth Sync="TRUE">19</attwidth><atprecis Sync="TRUE">18</atprecis><attscale Sync="TRUE">8</attscale></attr><attr><attrlabl Sync="TRUE">Perimeter</attrlabl><attalias Sync="TRUE">PERIMETER</attalias><attrtype Sync="TRUE">Double</attrtype><attwidth Sync="TRUE">19</attwidth><atprecis Sync="TRUE">18</atprecis><attscale Sync="TRUE">8</attscale></attr><attr><attrlabl Sync="TRUE">Mat</attrlabl><attalias Sync="TRUE">MAT</attalias><attrtype Sync="TRUE">String</attrtype><attwidth Sync="TRUE">50</attwidth><atprecis Sync="TRUE">0</atprecis><attscale Sync="TRUE">0</attscale></attr><attr><attrlabl Sync="TRUE">Lights</attrlabl><attalias Sync="TRUE">LIGHTS</attalias><attrtype Sync="TRUE">SmallInteger</attrtype><attwidth Sync="TRUE">4</attwidth><atprecis Sync="TRUE">4</atprecis><attscale Sync="TRUE">0</attscale></attr><attr><attrlabl Sync="TRUE">Park</attrlabl><attalias Sync="TRUE">PARK</attalias><attrtype Sync="TRUE">String</attrtype><attwidth Sync="TRUE">50</attwidth><atprecis Sync="TRUE">0</atprecis><attscale Sync="TRUE">0</attscale></attr><attr><attrlabl Sync="TRUE">Spaces</attrlabl><attalias Sync="TRUE">SPACES</attalias><attrtype Sync="TRUE">String</attrtype><attwidth Sync="TRUE">17</attwidth><atprecis Sync="TRUE">0</atprecis><attscale Sync="TRUE">0</attscale></attr></detailed></eainfo><mdDateSt Sync="TRUE">20140403</mdDateSt></metadata>
