<?xml version="1.0" encoding="UTF-8"?>
<metadata xml:lang="en"><Esri><CreaDate>20140403</CreaDate><CreaTime>14221600</CreaTime><SyncOnce>FALSE</SyncOnce><SyncDate>20140403</SyncDate><SyncTime>14220000</SyncTime><ModDate>20140403</ModDate><ModTime>14220000</ModTime><DataProperties><lineage><Process ToolSource="C:\Program Files\ArcGIS\ArcToolbox\Toolboxes\Conversion Tools.tbx\FeatureClassToFeatureClass" Date="20100419" Time="153611" Name="" export="">FeatureClassToFeatureClass X:\GIS_DATA\Base_Maps\FPC_trails_ALL.shp X:\GIS_DATA\Trails\Trails.gdb FPC_Trails_all_2010 # "ID 'ID' true true false 8 Long 0 8 ,First,#,X:\GIS_DATA\Base_Maps\FPC_trails_ALL.shp,ID,-1,-1;TYPE 'TYPE' true true false 17 Text 0 0 ,First,#,X:\GIS_DATA\Base_Maps\FPC_trails_ALL.shp,TYPE,-1,-1;MATERIAL 'MATERIAL' true true false 17 Text 0 0 ,First,#,X:\GIS_DATA\Base_Maps\FPC_trails_ALL.shp,MATERIAL,-1,-1;WIDTH 'WIDTH' true true false 8 Long 0 8 ,First,#,X:\GIS_DATA\Base_Maps\FPC_trails_ALL.shp,WIDTH,-1,-1;CONDITION 'CONDITION' true true false 17 Text 0 0 ,First,#,X:\GIS_DATA\Base_Maps\FPC_trails_ALL.shp,CONDITION,-1,-1;DATEENTRD 'DATEENTRD' true true false 8 Date 0 0 ,First,#,X:\GIS_DATA\Base_Maps\FPC_trails_ALL.shp,DATEENTRD,-1,-1;L_F_Add 'L_F_Add' true true false 9 Long 0 9 ,First,#,X:\GIS_DATA\Base_Maps\FPC_trails_ALL.shp,L_F_Add,-1,-1;R_F_Add 'R_F_Add' true true false 9 Long 0 9 ,First,#,X:\GIS_DATA\Base_Maps\FPC_trails_ALL.shp,R_F_Add,-1,-1;L_T_Add 'L_T_Add' true true false 10 Double 0 10 ,First,#,X:\GIS_DATA\Base_Maps\FPC_trails_ALL.shp,L_T_Add,-1,-1;R_T_Add 'R_T_Add' true true false 10 Double 0 10 ,First,#,X:\GIS_DATA\Base_Maps\FPC_trails_ALL.shp,R_T_Add,-1,-1;Trl_Length 'Trl_Length' true true false 19 Double 0 0 ,First,#,X:\GIS_DATA\Base_Maps\FPC_trails_ALL.shp,Trl_Length,-1,-1;Limits 'Limits' true true false 25 Text 0 0 ,First,#,X:\GIS_DATA\Base_Maps\FPC_trails_ALL.shp,Limits,-1,-1;Type2 'Type2' true true false 20 Text 0 0 ,First,#,X:\GIS_DATA\Base_Maps\FPC_trails_ALL.shp,Type2,-1,-1" # X:\GIS_DATA\Trails\Trails.gdb\FPC_Trails_all_2010</Process><Process ToolSource="C:\Program Files\ArcGIS\ArcToolbox\Toolboxes\Analysis Tools.tbx\SpatialJoin" Date="20110112" Time="144313" Name="" export="">SpatialJoin FPC_Trails_all_2010 PPR_park_land X:\GIS_DATA\Trails\Trails.gdb\Trails\FPC_Trails_all_2011 JOIN_ONE_TO_ONE KEEP_ALL "ID 'ID' true true false 4 Long 0 0 ,First,#,X:\GIS_DATA\Trails\Trails.gdb\Trails\FPC_Trails_all_2010,ID,-1,-1;TYPE 'TYPE' true true false 17 Text 0 0 ,First,#,X:\GIS_DATA\Trails\Trails.gdb\Trails\FPC_Trails_all_2010,TYPE,-1,-1;MATERIAL 'MATERIAL' true true false 17 Text 0 0 ,First,#,X:\GIS_DATA\Trails\Trails.gdb\Trails\FPC_Trails_all_2010,MATERIAL,-1,-1;WIDTH 'WIDTH' true true false 4 Long 0 0 ,First,#,X:\GIS_DATA\Trails\Trails.gdb\Trails\FPC_Trails_all_2010,WIDTH,-1,-1;CONDITION 'CONDITION' true true false 17 Text 0 0 ,First,#,X:\GIS_DATA\Trails\Trails.gdb\Trails\FPC_Trails_all_2010,CONDITION,-1,-1;Trl_Length 'Trl_Length' true true false 8 Double 0 0 ,First,#,X:\GIS_DATA\Trails\Trails.gdb\Trails\FPC_Trails_all_2010,Trl_Length,-1,-1;Limits 'Limits' true true false 25 Text 0 0 ,First,#,X:\GIS_DATA\Trails\Trails.gdb\Trails\FPC_Trails_all_2010,Limits,-1,-1;Type2 'Type2' true true false 20 Text 0 0 ,First,#,X:\GIS_DATA\Trails\Trails.gdb\Trails\FPC_Trails_all_2010,Type2,-1,-1;Shape_Length 'Shape_Length' false true true 8 Double 0 0 ,First,#,X:\GIS_DATA\Trails\Trails.gdb\Trails\FPC_Trails_all_2010,Shape_Length,-1,-1;name 'name' true true false 50 Text 0 0 ,First,#,X:\GIS_DATA\Trails\Trails.gdb\Trails\FPC_Trails_all_2010,name,-1,-1;ACCESS 'ACCESS' true true false 50 Text 0 0 ,First,#,X:\GIS_DATA\Trails\Trails.gdb\Trails\FPC_Trails_all_2010,ACCESS,-1,-1;Park_name 'Park_name' true true false 100 Text 0 0 ,First,#,X:\GIS_DATA\Base_Maps\Boundaries.gdb\Park_boundaries\PPR_park_land,NAME,-1,-1" INTERSECTS "0 Feet" #</Process><Process ToolSource="c:\program files\arcgis\desktop10.0\ArcToolbox\Toolboxes\Analysis Tools.tbx\Select" Date="20120131" Time="152137" Name="" export="">Select FPC_Trails_all_2011 X:\GIS_DATA\Layers_delivered\FOW_02_2011\Wissahickon_trails_2011.shp #</Process><Process ToolSource="C:\Program Files\ArcGIS\Desktop10.0\ArcToolbox\Toolboxes\Data Management Tools.tbx\Merge" Date="20120202" Time="143935" Name="" export="">Merge Export_Output_6;Wissahickon_trails_2011_refined_merge8 "K:\fow_new\GIS\Data\DATA General\Trails\Wissahickon_trails_2011_refined_merge9.shp" "ID "ID" true true false 9 Long 0 9 ,First,#,Export_Output_6,ID,-1,-1,Wissahickon_trails_2011_refined_merge8,ID,-1,-1;TYPE "TYPE" true true false 17 Text 0 0 ,First,#,Export_Output_6,TYPE,-1,-1,Wissahickon_trails_2011_refined_merge8,TYPE,-1,-1;MATERIAL "MATERIAL" true true false 17 Text 0 0 ,First,#,Export_Output_6,MATERIAL,-1,-1,Wissahickon_trails_2011_refined_merge8,MATERIAL,-1,-1;WIDTH "WIDTH" true true false 9 Long 0 9 ,First,#,Export_Output_6,WIDTH,-1,-1,Wissahickon_trails_2011_refined_merge8,WIDTH,-1,-1;CONDITION "CONDITION" true true false 17 Text 0 0 ,First,#,Export_Output_6,CONDITION,-1,-1,Wissahickon_trails_2011_refined_merge8,CONDITION,-1,-1;Trl_Length "Trl_Length" true true false 19 Double 0 0 ,First,#,Export_Output_6,Trl_Length,-1,-1,Wissahickon_trails_2011_refined_merge8,Trl_Length,-1,-1;Limits "Limits" true true false 25 Text 0 0 ,First,#,Export_Output_6,Limits,-1,-1,Wissahickon_trails_2011_refined_merge8,Limits,-1,-1;Type2 "Type2" true true false 20 Text 0 0 ,First,#,Export_Output_6,Type2,-1,-1,Wissahickon_trails_2011_refined_merge8,Type2,-1,-1;name "name" true true false 50 Text 0 0 ,First,#,Export_Output_6,name,-1,-1,Wissahickon_trails_2011_refined_merge8,name,-1,-1;ACCESS "ACCESS" true true false 50 Text 0 0 ,First,#,Export_Output_6,ACCESS,-1,-1,Wissahickon_trails_2011_refined_merge8,ACCESS,-1,-1;Park_name "Park_name" true true false 100 Text 0 0 ,First,#,Export_Output_6,Park_name,-1,-1,Wissahickon_trails_2011_refined_merge8,Park_name,-1,-1;Shape_Leng "Shape_Leng" true true false 19 Double 0 0 ,First,#,Export_Output_6,Shape_Leng,-1,-1,Wissahickon_trails_2011_refined_merge8,Shape_Leng,-1,-1;LENGTH "LENGTH" true true false 12 Double 3 11 ,First,#,Wissahickon_trails_2011_refined_merge8,LENGTH,-1,-1;IDENT "IDENT" true true false 24 Text 0 0 ,First,#,Wissahickon_trails_2011_refined_merge8,IDENT,-1,-1;LAT "LAT" true true false 18 Double 8 17 ,First,#,Wissahickon_trails_2011_refined_merge8,LAT,-1,-1;LONG "LONG" true true false 18 Double 8 17 ,First,#,Wissahickon_trails_2011_refined_merge8,LONG,-1,-1;Y_PROJ "Y_PROJ" true true false 18 Double 8 17 ,First,#,Wissahickon_trails_2011_refined_merge8,Y_PROJ,-1,-1;X_PROJ "X_PROJ" true true false 18 Double 8 17 ,First,#,Wissahickon_trails_2011_refined_merge8,X_PROJ,-1,-1;NEW_SEG "NEW_SEG" true true false 10 Text 0 0 ,First,#,Wissahickon_trails_2011_refined_merge8,NEW_SEG,-1,-1;DISPLAY "DISPLAY" true true false 10 Text 0 0 ,First,#,Wissahickon_trails_2011_refined_merge8,DISPLAY,-1,-1;COLOR "COLOR" true true false 10 Text 0 0 ,First,#,Wissahickon_trails_2011_refined_merge8,COLOR,-1,-1;ALTITUDE "ALTITUDE" true true false 12 Double 2 11 ,First,#,Wissahickon_trails_2011_refined_merge8,ALTITUDE,-1,-1;DEPTH "DEPTH" true true false 12 Double 2 11 ,First,#,Wissahickon_trails_2011_refined_merge8,DEPTH,-1,-1;TEMP "TEMP" true true false 12 Double 2 11 ,First,#,Wissahickon_trails_2011_refined_merge8,TEMP,-1,-1;TIME "TIME" true true false 20 Text 0 0 ,First,#,Wissahickon_trails_2011_refined_merge8,TIME,-1,-1;MODEL "MODEL" true true false 20 Text 0 0 ,First,#,Wissahickon_trails_2011_refined_merge8,MODEL,-1,-1;FILENAME "FILENAME" true true false 254 Text 0 0 ,First,#,Wissahickon_trails_2011_refined_merge8,FILENAME,-1,-1;LTIME "LTIME" true true false 20 Text 0 0 ,First,#,Wissahickon_trails_2011_refined_merge8,LTIME,-1,-1"</Process><Process ToolSource="C:\Program Files (x86)\ArcGIS\Desktop10.0\ArcToolbox\Toolboxes\Data Management Tools.tbx\CalculateField" Date="20120326" Time="115739" Name="" export="">CalculateField "Wissahickon Trails Type" Color_Name "Lavender Trail" VB #</Process><Process ToolSource="C:\Program Files (x86)\ArcGIS\Desktop10.0\ArcToolbox\Toolboxes\Data Management Tools.tbx\CalculateField" Date="20120326" Time="121155" Name="" export="">CalculateField "Wissahickon Trails Type" Color_Name "Orange Trail" VB #</Process><Process ToolSource="C:\Program Files (x86)\ArcGIS\Desktop10.0\ArcToolbox\Toolboxes\Data Management Tools.tbx\CalculateField" Date="20120326" Time="121553" Name="" export="">CalculateField "Wissahickon Trails Type" Color_Name "Yellow Trail" VB #</Process><Process ToolSource="C:\Program Files (x86)\ArcGIS\Desktop10.0\ArcToolbox\Toolboxes\Data Management Tools.tbx\CalculateField" Date="20120326" Time="122142" Name="" export="">CalculateField "Wissahickon Trails Type" Color_Name "White Trail" VB #</Process><Process ToolSource="C:\Program Files (x86)\ArcGIS\Desktop10.0\ArcToolbox\Toolboxes\Data Management Tools.tbx\Append" Date="20120405" Time="150849" Name="" export="">Append 04042012_7 "Wissahickon Trails Type" NO_TEST "ID "ID" true false false 9 Long 0 9 ,First,#;TYPE "TYPE" true false false 17 Text 0 0 ,First,#,K:\fow_new\GIS\Data\GPS Data\Tracks\04042012_7.shp,type,-1,-1;MATERIAL "MATERIAL" true false false 17 Text 0 0 ,First,#;WIDTH "WIDTH" true false false 9 Long 0 9 ,First,#;CONDITION "CONDITION" true false false 17 Text 0 0 ,First,#;Trl_Length "Trl_Length" true false false 19 Double 0 0 ,First,#;Limits "Limits" true false false 25 Text 0 0 ,First,#;Type2 "Type2" true false false 20 Text 0 0 ,First,#;name "name" true false false 50 Text 0 0 ,First,#;ACCESS "ACCESS" true false false 50 Text 0 0 ,First,#;Park_name "Park_name" true false false 100 Text 0 0 ,First,#;Shape_Leng "Shape_Leng" true false false 19 Double 0 0 ,First,#;Color_Name "Color_Name" true false false 50 Text 0 0 ,First,#" #</Process><Process ToolSource="C:\Program Files (x86)\ArcGIS\Desktop10.0\ArcToolbox\Toolboxes\Data Management Tools.tbx\Append" Date="20120405" Time="160723" Name="" export="">Append St_Martins_Trail_1;St_Martins_Access_Rd "Wissahickon Trails Type" NO_TEST "ID "ID" true false false 9 Long 0 9 ,First,#;TYPE "TYPE" true false false 17 Text 0 0 ,First,#,K:\fow_new\GIS\Data\GPS Data\Tracks\St_Martins_Trail_1.shp,type,-1,-1,K:\fow_new\GIS\Data\GPS Data\Tracks\St_Martins_Access_Rd.shp,type,-1,-1;MATERIAL "MATERIAL" true false false 17 Text 0 0 ,First,#;WIDTH "WIDTH" true false false 9 Long 0 9 ,First,#;CONDITION "CONDITION" true false false 17 Text 0 0 ,First,#;Trl_Length "Trl_Length" true false false 19 Double 0 0 ,First,#;Limits "Limits" true false false 25 Text 0 0 ,First,#;Type2 "Type2" true false false 20 Text 0 0 ,First,#;name "name" true false false 50 Text 0 0 ,First,#;ACCESS "ACCESS" true false false 50 Text 0 0 ,First,#;Park_name "Park_name" true false false 100 Text 0 0 ,First,#;Shape_Leng "Shape_Leng" true false false 19 Double 0 0 ,First,#;Color_Name "Color_Name" true false false 50 Text 0 0 ,First,#" #</Process><Process ToolSource="C:\Program Files (x86)\ArcGIS\Desktop10.0\ArcToolbox\Toolboxes\Data Management Tools.tbx\CalculateField" Date="20120405" Time="162947" Name="" export="">CalculateField "Wissahickon Trails Type" TYPE "Designated" VB #</Process><Process ToolSource="C:\Program Files (x86)\ArcGIS\Desktop10.0\ArcToolbox\Toolboxes\Data Management Tools.tbx\CalculateField" Date="20120405" Time="162956" Name="" export="">CalculateField "Wissahickon Trails Type" TYPE "designated" VB #</Process><Process ToolSource="C:\Program Files (x86)\ArcGIS\Desktop10.0\ArcToolbox\Toolboxes\Data Management Tools.tbx\CalculateField" Date="20120405" Time="163012" Name="" export="">CalculateField "Wissahickon Trails Type" MATERIAL "dirt" VB #</Process><Process ToolSource="C:\Program Files (x86)\ArcGIS\Desktop10.0\ArcToolbox\Toolboxes\Data Management Tools.tbx\Append" Date="20120405" Time="164906" Name="" export="">Append 'Blue Bell Ball Field Connection';303 "Wissahickon Trails Type" NO_TEST "ID "ID" true false false 9 Long 0 9 ,First,#;TYPE "TYPE" true false false 17 Text 0 0 ,First,#,K:\fow_new\GIS\Data\GPS Data\Newly_Built_Trails\Blue Bell Ball Field Connection.shp,type,-1,-1,K:\fow_new\GIS\Data\GPS Data\Newly_Built_Trails\303.shp,type,-1,-1;MATERIAL "MATERIAL" true false false 17 Text 0 0 ,First,#;WIDTH "WIDTH" true false false 9 Long 0 9 ,First,#;CONDITION "CONDITION" true false false 17 Text 0 0 ,First,#;Trl_Length "Trl_Length" true false false 19 Double 0 0 ,First,#;Limits "Limits" true false false 25 Text 0 0 ,First,#;Type2 "Type2" true false false 20 Text 0 0 ,First,#;name "name" true false false 50 Text 0 0 ,First,#;ACCESS "ACCESS" true false false 50 Text 0 0 ,First,#;Park_name "Park_name" true false false 100 Text 0 0 ,First,#;Shape_Leng "Shape_Leng" true false false 19 Double 0 0 ,First,#;Color_Name "Color_Name" true false false 50 Text 0 0 ,First,#" #</Process><Process ToolSource="C:\Program Files (x86)\ArcGIS\Desktop10.0\ArcToolbox\Toolboxes\Data Management Tools.tbx\CalculateField" Date="20120405" Time="164947" Name="" export="">CalculateField "Wissahickon Trails Type" MATERIAL "dirt" VB #</Process><Process ToolSource="C:\Program Files (x86)\ArcGIS\Desktop10.0\ArcToolbox\Toolboxes\Data Management Tools.tbx\CalculateField" Date="20120405" Time="164959" Name="" export="">CalculateField "Wissahickon Trails Type" TYPE "designated" VB #</Process><Process ToolSource="C:\Program Files (x86)\ArcGIS\Desktop10.0\ArcToolbox\Toolboxes\Data Management Tools.tbx\Append" Date="20120406" Time="095042" Name="" export="">Append St_Martins_Trail_2 "Wissahickon Trails Type" NO_TEST "ID "ID" true false false 9 Long 0 9 ,First,#;TYPE "TYPE" true false false 17 Text 0 0 ,First,#,K:\fow_new\GIS\Data\GPS Data\Tracks\St_Martins_Trail_2.shp,type,-1,-1;MATERIAL "MATERIAL" true false false 17 Text 0 0 ,First,#;WIDTH "WIDTH" true false false 9 Long 0 9 ,First,#;CONDITION "CONDITION" true false false 17 Text 0 0 ,First,#;Trl_Length "Trl_Length" true false false 19 Double 0 0 ,First,#;Limits "Limits" true false false 25 Text 0 0 ,First,#;Type2 "Type2" true false false 20 Text 0 0 ,First,#;name "name" true false false 50 Text 0 0 ,First,#;ACCESS "ACCESS" true false false 50 Text 0 0 ,First,#;Park_name "Park_name" true false false 100 Text 0 0 ,First,#;Shape_Leng "Shape_Leng" true false false 19 Double 0 0 ,First,#;Color_Name "Color_Name" true false false 50 Text 0 0 ,First,#" #</Process><Process ToolSource="C:\Program Files (x86)\ArcGIS\Desktop10.0\ArcToolbox\Toolboxes\Data Management Tools.tbx\CalculateField" Date="20120406" Time="095114" Name="" export="">CalculateField "Wissahickon Trails Type" TYPE "designated" VB #</Process><Process ToolSource="C:\Program Files (x86)\ArcGIS\Desktop10.0\ArcToolbox\Toolboxes\Data Management Tools.tbx\CalculateField" Date="20120406" Time="095158" Name="" export="">CalculateField "Wissahickon Trails Type" MATERIAL "dirt" VB #</Process><Process ToolSource="C:\Program Files (x86)\ArcGIS\Desktop10.0\ArcToolbox\Toolboxes\Data Management Tools.tbx\CalculateField" Date="20120406" Time="143619" Name="" export="">CalculateField "Wissahickon Existing Trails" TYPE "designated" VB #</Process><Process ToolSource="C:\Program Files (x86)\ArcGIS\Desktop10.0\ArcToolbox\Toolboxes\Data Management Tools.tbx\Append" Date="20120406" Time="151006" Name="" export="">Append Export_Output "Wissahickon Trails Type" NO_TEST "ID "ID" true false false 9 Long 0 9 ,First,#,C:\Users\Projman\Desktop\Export_Output.shp,ID,-1,-1;TYPE "TYPE" true false false 17 Text 0 0 ,First,#,C:\Users\Projman\Desktop\Export_Output.shp,TYPE,-1,-1;MATERIAL "MATERIAL" true false false 17 Text 0 0 ,First,#,C:\Users\Projman\Desktop\Export_Output.shp,MATERIAL,-1,-1;WIDTH "WIDTH" true false false 9 Long 0 9 ,First,#,C:\Users\Projman\Desktop\Export_Output.shp,WIDTH,-1,-1;CONDITION "CONDITION" true false false 17 Text 0 0 ,First,#,C:\Users\Projman\Desktop\Export_Output.shp,CONDITION,-1,-1;Trl_Length "Trl_Length" true false false 19 Double 0 0 ,First,#,C:\Users\Projman\Desktop\Export_Output.shp,Trl_Length,-1,-1;Limits "Limits" true false false 25 Text 0 0 ,First,#,C:\Users\Projman\Desktop\Export_Output.shp,Limits,-1,-1;Type2 "Type2" true false false 20 Text 0 0 ,First,#,C:\Users\Projman\Desktop\Export_Output.shp,Type2,-1,-1;name "name" true false false 50 Text 0 0 ,First,#,C:\Users\Projman\Desktop\Export_Output.shp,name,-1,-1;ACCESS "ACCESS" true false false 50 Text 0 0 ,First,#,C:\Users\Projman\Desktop\Export_Output.shp,ACCESS,-1,-1;Park_name "Park_name" true false false 100 Text 0 0 ,First,#,C:\Users\Projman\Desktop\Export_Output.shp,Park_name,-1,-1;Shape_Leng "Shape_Leng" true false false 19 Double 0 0 ,First,#,C:\Users\Projman\Desktop\Export_Output.shp,Shape_Leng,-1,-1;Color_Name "Color_Name" true false false 50 Text 0 0 ,First,#,C:\Users\Projman\Desktop\Export_Output.shp,Color_Name,-1,-1" #</Process><Process ToolSource="C:\Program Files (x86)\ArcGIS\Desktop10.0\ArcToolbox\Toolboxes\Data Management Tools.tbx\CalculateField" Date="20120410" Time="100300" Name="" export="">CalculateField "Wissahickon Trails Type" TYPE "designated" VB #</Process><Process ToolSource="C:\Program Files (x86)\ArcGIS\Desktop10.0\ArcToolbox\Toolboxes\Data Management Tools.tbx\CalculateField" Date="20120410" Time="100318" Name="" export="">CalculateField "Wissahickon Trails Type" TYPE "designated" VB #</Process><Process ToolSource="C:\Program Files (x86)\ArcGIS\Desktop10.0\ArcToolbox\Toolboxes\Data Management Tools.tbx\CalculateField" Date="20120416" Time="161538" Name="" export="">CalculateField "Wissahickon Trails Type" PM_Sugstns "Close" VB #</Process><Process ToolSource="C:\Program Files (x86)\ArcGIS\Desktop10.0\ArcToolbox\Toolboxes\Data Management Tools.tbx\CalculateField" Date="20120416" Time="161731" Name="" export="">CalculateField "Wissahickon Trails Type" PM_Sugstns "Maintain w/ minor reroutes, new drainage features" VB #</Process><Process ToolSource="C:\Program Files (x86)\ArcGIS\Desktop10.0\ArcToolbox\Toolboxes\Data Management Tools.tbx\CalculateField" Date="20120416" Time="162020" Name="" export="">CalculateField "Wissahickon Trails Type" PM_Sugstns "Close" VB #</Process><Process ToolSource="C:\Program Files (x86)\ArcGIS\Desktop10.0\ArcToolbox\Toolboxes\Data Management Tools.tbx\CalculateField" Date="20120416" Time="162044" Name="" export="">CalculateField "Wissahickon Trails Type" PM_Sugstns "Maintain w/ minor reroutes, new drainage features" VB #</Process><Process ToolSource="C:\Program Files (x86)\ArcGIS\Desktop10.0\ArcToolbox\Toolboxes\Data Management Tools.tbx\CalculateField" Date="20120417" Time="102927" Name="" export="">CalculateField "Wissahickon Trails Type" PM_Sugstns "Close" VB #</Process><Process ToolSource="C:\Program Files (x86)\ArcGIS\Desktop10.0\ArcToolbox\Toolboxes\Data Management Tools.tbx\CalculateField" Date="20120417" Time="102947" Name="" export="">CalculateField "Wissahickon Trails Type" PM_Sugstns "Maintain w/ minor reroutes, new drainage features" VB #</Process><Process ToolSource="C:\Program Files (x86)\ArcGIS\Desktop10.0\ArcToolbox\Toolboxes\Data Management Tools.tbx\CalculateField" Date="20120417" Time="103209" Name="" export="">CalculateField "Wissahickon Trails Type" PM_Sugstns "Re-engineered for enhanced vehicle access" VB #</Process><Process ToolSource="C:\Program Files (x86)\ArcGIS\Desktop10.0\ArcToolbox\Toolboxes\Data Management Tools.tbx\CalculateField" Date="20120417" Time="103611" Name="" export="">CalculateField "Trail Planning Suggestions" PM_Sugstns "Maintain w/ minor reroutes, new drainage features" VB #</Process><Process ToolSource="C:\Program Files (x86)\ArcGIS\Desktop10.0\ArcToolbox\Toolboxes\Data Management Tools.tbx\CalculateField" Date="20120417" Time="104541" Name="" export="">CalculateField "Trail Planning Suggestions" PM_Sugstns "Close" VB #</Process><Process ToolSource="C:\Program Files (x86)\ArcGIS\Desktop10.0\ArcToolbox\Toolboxes\Data Management Tools.tbx\CalculateField" Date="20120417" Time="105104" Name="" export="">CalculateField "Trail Planning Suggestions" PM_Sugstns "Close" VB #</Process><Process ToolSource="C:\Program Files (x86)\ArcGIS\Desktop10.0\ArcToolbox\Toolboxes\Data Management Tools.tbx\CalculateField" Date="20120508" Time="135859" Name="" export="">CalculateField "Wissahickon Trails Type" TYPE designated VB #</Process><Process ToolSource="C:\Program Files (x86)\ArcGIS\Desktop10.0\ArcToolbox\Toolboxes\Data Management Tools.tbx\CalculateField" Date="20120508" Time="135908" Name="" export="">CalculateField "Wissahickon Trails Type" TYPE "designated" VB #</Process><Process ToolSource="C:\Program Files (x86)\ArcGIS\Desktop10.0\ArcToolbox\Toolboxes\Data Management Tools.tbx\CalculateField" Date="20120530" Time="141203" Name="" export="">CalculateField "Wissahickon Trails Type" TYPE "Open Field" VB #</Process><Process ToolSource="C:\Program Files (x86)\ArcGIS\Desktop10.0\ArcToolbox\Toolboxes\Data Management Tools.tbx\CalculateField" Date="20120530" Time="141218" Name="" export="">CalculateField "Wissahickon Trails Type" TYPE "Recreational Area" VB #</Process><Process ToolSource="C:\Program Files (x86)\ArcGIS\Desktop10.0\ArcToolbox\Toolboxes\Data Management Tools.tbx\CalculateField" Date="20120531" Time="162025" Name="" export="">CalculateField "Wissahickon Trails Type" TYPE "questionable" VB #</Process><Process ToolSource="C:\Program Files (x86)\ArcGIS\Desktop10.0\ArcToolbox\Toolboxes\Data Management Tools.tbx\CalculateField" Date="20120531" Time="162301" Name="" export="">CalculateField "Wissahickon Trails Type" TYPE "questionable" VB #</Process><Process ToolSource="C:\Program Files (x86)\ArcGIS\Desktop10.0\ArcToolbox\Toolboxes\Data Management Tools.tbx\CalculateField" Date="20120531" Time="162658" Name="" export="">CalculateField "Wissahickon Trails Type" TYPE "questionable" VB #</Process><Process ToolSource="C:\Program Files (x86)\ArcGIS\Desktop10.0\ArcToolbox\Toolboxes\Data Management Tools.tbx\CalculateField" Date="20120531" Time="162847" Name="" export="">CalculateField "Wissahickon Trails Type" TYPE "questionable" VB #</Process><Process ToolSource="C:\Program Files (x86)\ArcGIS\Desktop10.0\ArcToolbox\Toolboxes\Data Management Tools.tbx\CalculateField" Date="20120531" Time="162911" Name="" export="">CalculateField "Wissahickon Trails Type" TYPE "questionable" VB #</Process><Process ToolSource="C:\Program Files (x86)\ArcGIS\Desktop10.0\ArcToolbox\Toolboxes\Data Management Tools.tbx\CalculateField" Date="20120531" Time="163051" Name="" export="">CalculateField "Wissahickon Trails Type" TYPE "questionable" VB #</Process><Process ToolSource="C:\Program Files (x86)\ArcGIS\Desktop10.0\ArcToolbox\Toolboxes\Data Management Tools.tbx\CalculateField" Date="20120531" Time="163357" Name="" export="">CalculateField "Wissahickon Trails Type" TYPE "questionable" VB #</Process><Process ToolSource="C:\Program Files (x86)\ArcGIS\Desktop10.0\ArcToolbox\Toolboxes\Data Management Tools.tbx\CalculateField" Date="20120531" Time="163435" Name="" export="">CalculateField "Wissahickon Trails Type" TYPE "questionable" VB #</Process><Process ToolSource="C:\Program Files (x86)\ArcGIS\Desktop10.0\ArcToolbox\Toolboxes\Data Management Tools.tbx\CalculateField" Date="20120531" Time="163521" Name="" export="">CalculateField "Wissahickon Trails Type" TYPE "questionable" VB #</Process><Process ToolSource="C:\Program Files (x86)\ArcGIS\Desktop10.0\ArcToolbox\Toolboxes\Data Management Tools.tbx\CalculateField" Date="20120531" Time="163650" Name="" export="">CalculateField "Wissahickon Trails Type" TYPE "questionable" VB #</Process><Process ToolSource="C:\Program Files (x86)\ArcGIS\Desktop10.0\ArcToolbox\Toolboxes\Data Management Tools.tbx\CalculateField" Date="20120531" Time="163842" Name="" export="">CalculateField "Wissahickon Trails Type" TYPE "questionable" VB #</Process><Process ToolSource="C:\Program Files (x86)\ArcGIS\Desktop10.0\ArcToolbox\Toolboxes\Data Management Tools.tbx\CalculateField" Date="20120601" Time="093009" Name="" export="">CalculateField "Wissahickon Trails Type" TYPE "questionable" VB #</Process><Process ToolSource="C:\Program Files (x86)\ArcGIS\Desktop10.0\ArcToolbox\Toolboxes\Data Management Tools.tbx\CalculateField" Date="20120601" Time="093548" Name="" export="">CalculateField "Wissahickon Trails Type" TYPE "questionable" VB #</Process><Process ToolSource="C:\Program Files (x86)\ArcGIS\Desktop10.0\ArcToolbox\Toolboxes\Data Management Tools.tbx\CalculateField" Date="20120601" Time="093826" Name="" export="">CalculateField "Wissahickon Trails Type" TYPE "questionable" VB #</Process><Process ToolSource="C:\Program Files (x86)\ArcGIS\Desktop10.0\ArcToolbox\Toolboxes\Data Management Tools.tbx\CalculateField" Date="20120607" Time="123454" Name="" export="">CalculateField "Wissahickon Trails Designation" Limits "All (bike permit req)" VB #</Process><Process ToolSource="C:\Program Files (x86)\ArcGIS\Desktop10.0\ArcToolbox\Toolboxes\Data Management Tools.tbx\Append" Date="20120702" Time="151914" Name="" export="">Append 'other_trails selection' "Wissahickon Existing Trails" NO_TEST "ID "ID" true false false 9 Long 0 9 ,First,#;TYPE "TYPE" true false false 17 Text 0 0 ,First,#;MATERIAL "MATERIAL" true false false 17 Text 0 0 ,First,#;WIDTH "WIDTH" true false false 9 Long 0 9 ,First,#;CONDITION "CONDITION" true false false 17 Text 0 0 ,First,#;Trl_Length "Trl_Length" true false false 19 Double 0 0 ,First,#;Limits "Limits" true false false 25 Text 0 0 ,First,#;Type2 "Type2" true false false 20 Text 0 0 ,First,#;name "name" true false false 50 Text 0 0 ,First,#;ACCESS "ACCESS" true false false 50 Text 0 0 ,First,#;Park_name "Park_name" true false false 100 Text 0 0 ,First,#;Shape_Leng "Shape_Leng" true false false 19 Double 0 0 ,First,#;Color_Name "Color_Name" true false false 50 Text 0 0 ,First,#;PM_Sugstns "PM_Sugstns" true false false 50 Text 0 0 ,First,#" #</Process><Process ToolSource="c:\program files (x86)\arcgis\desktop10.1\ArcToolbox\Toolboxes\Data Management Tools.tbx\CalculateField" Date="20121205" Time="153421" Name="" export="">CalculateField "Trails\Existing Trails\Wissahickon_trails_2011_refined" Closed "Yes" VB #</Process><Process ToolSource="c:\program files (x86)\arcgis\desktop10.1\ArcToolbox\Toolboxes\Data Management Tools.tbx\CalculateField" Date="20121205" Time="153727" Name="" export="">CalculateField "Trails\Existing Trails\Wissahickon_trails_2011_refined" Closed "Yes" VB #</Process><Process ToolSource="c:\program files (x86)\arcgis\desktop10.1\ArcToolbox\Toolboxes\Data Management Tools.tbx\CalculateField" Date="20121205" Time="154508" Name="" export="">CalculateField "Trails\Existing Trails\Wissahickon_trails_2011_refined" Closed "Yes" VB #</Process><Process ToolSource="c:\program files (x86)\arcgis\desktop10.1\ArcToolbox\Toolboxes\Data Management Tools.tbx\Append" Date="20121205" Time="154847" Name="" export="">Append 'Andorra New Trail 3';'Andorra New Trail 1';'Andorra New Trail 2' "Trails\Existing Trails\Wissahickon_trails_2011_refined" NO_TEST "ID "ID" true false false 9 Long 0 9 ,First,#;TYPE "TYPE" true false false 17 Text 0 0 ,First,#,K:\fow_new\GIS\Data\GPS Data\Tracks\Andorra New Trail 3.shp,type,-1,-1,K:\fow_new\GIS\Data\GPS Data\Tracks\Andorra New Trail 1.shp,type,-1,-1,K:\fow_new\GIS\Data\GPS Data\Tracks\Andorra New Trail 2.shp,type,-1,-1;MATERIAL "MATERIAL" true false false 17 Text 0 0 ,First,#;WIDTH "WIDTH" true false false 9 Long 0 9 ,First,#;CONDITION "CONDITION" true false false 17 Text 0 0 ,First,#;Trl_Length "Trl_Length" true false false 19 Double 0 0 ,First,#;Limits "Limits" true false false 25 Text 0 0 ,First,#;Type2 "Type2" true false false 20 Text 0 0 ,First,#;name "name" true false false 50 Text 0 0 ,First,#;ACCESS "ACCESS" true false false 50 Text 0 0 ,First,#;Park_name "Park_name" true false false 100 Text 0 0 ,First,#;Shape_Leng "Shape_Leng" true false false 19 Double 0 0 ,First,#;Color_Name "Color_Name" true false false 50 Text 0 0 ,First,#;PM_Sugstns "PM_Sugstns" true false false 50 Text 0 0 ,First,#;Closed "Closed" true false false 3 Text 0 0 ,First,#" #</Process><Process ToolSource="c:\program files (x86)\arcgis\desktop10.1\ArcToolbox\Toolboxes\Data Management Tools.tbx\CalculateField" Date="20121205" Time="155540" Name="" export="">CalculateField "Trails\Existing Trails\Wissahickon_trails_2011_refined" TYPE "abandoned" VB #</Process><Process ToolSource="c:\program files (x86)\arcgis\desktop10.1\ArcToolbox\Toolboxes\Data Management Tools.tbx\CalculateField" Date="20121205" Time="155623" Name="" export="">CalculateField "Trails\Existing Trails\Wissahickon_trails_2011_refined" TYPE "designated" VB #</Process><Process ToolSource="c:\program files (x86)\arcgis\desktop10.1\ArcToolbox\Toolboxes\Data Management Tools.tbx\CalculateField" Date="20121205" Time="155727" Name="" export="">CalculateField "Trails\Existing Trails\Wissahickon_trails_2011_refined" TYPE "closed" VB #</Process><Process ToolSource="c:\program files (x86)\arcgis\desktop10.1\ArcToolbox\Toolboxes\Conversion Tools.tbx\FeatureClassToFeatureClass" Date="20130129" Time="143943" Name="" export="">FeatureClassToFeatureClass "Trails\Existing Trails\Wissahickon_trails_2011_refined" "K:\fow_new\GIS\Data\FOW GIS Database.gdb" WVP_Trails_2013 # "ID "ID" true true false 9 Long 0 9 ,First,#,K:\fow_new\GIS\Data\DATA General\Trails\Wissahickon_trails_2011_refined.shp,ID,-1,-1;TYPE "TYPE" true true false 17 Text 0 0 ,First,#,K:\fow_new\GIS\Data\DATA General\Trails\Wissahickon_trails_2011_refined.shp,TYPE,-1,-1;MATERIAL "MATERIAL" true true false 17 Text 0 0 ,First,#,K:\fow_new\GIS\Data\DATA General\Trails\Wissahickon_trails_2011_refined.shp,MATERIAL,-1,-1;WIDTH "WIDTH" true true false 9 Long 0 9 ,First,#,K:\fow_new\GIS\Data\DATA General\Trails\Wissahickon_trails_2011_refined.shp,WIDTH,-1,-1;CONDITION "CONDITION" true true false 17 Text 0 0 ,First,#,K:\fow_new\GIS\Data\DATA General\Trails\Wissahickon_trails_2011_refined.shp,CONDITION,-1,-1;Trl_Length "Trl_Length" true true false 19 Double 0 0 ,First,#,K:\fow_new\GIS\Data\DATA General\Trails\Wissahickon_trails_2011_refined.shp,Trl_Length,-1,-1;Limits "Limits" true true false 25 Text 0 0 ,First,#,K:\fow_new\GIS\Data\DATA General\Trails\Wissahickon_trails_2011_refined.shp,Limits,-1,-1;Type2 "Type2" true true false 20 Text 0 0 ,First,#,K:\fow_new\GIS\Data\DATA General\Trails\Wissahickon_trails_2011_refined.shp,Type2,-1,-1;name "name" true true false 50 Text 0 0 ,First,#,K:\fow_new\GIS\Data\DATA General\Trails\Wissahickon_trails_2011_refined.shp,name,-1,-1;ACCESS "ACCESS" true true false 50 Text 0 0 ,First,#,K:\fow_new\GIS\Data\DATA General\Trails\Wissahickon_trails_2011_refined.shp,ACCESS,-1,-1;Park_name "Park_name" true true false 100 Text 0 0 ,First,#,K:\fow_new\GIS\Data\DATA General\Trails\Wissahickon_trails_2011_refined.shp,Park_name,-1,-1;Shape_Leng "Shape_Leng" true true false 19 Double 0 0 ,First,#,K:\fow_new\GIS\Data\DATA General\Trails\Wissahickon_trails_2011_refined.shp,Shape_Leng,-1,-1;Color_Name "Color_Name" true true false 50 Text 0 0 ,First,#,K:\fow_new\GIS\Data\DATA General\Trails\Wissahickon_trails_2011_refined.shp,Color_Name,-1,-1;PM_Sugstns "PM_Sugstns" true true false 50 Text 0 0 ,First,#,K:\fow_new\GIS\Data\DATA General\Trails\Wissahickon_trails_2011_refined.shp,PM_Sugstns,-1,-1;Closed "Closed" true true false 3 Text 0 0 ,First,#,K:\fow_new\GIS\Data\DATA General\Trails\Wissahickon_trails_2011_refined.shp,Closed,-1,-1" #</Process><Process ToolSource="c:\program files (x86)\arcgis\desktop10.1\ArcToolbox\Toolboxes\Data Management Tools.tbx\Append" Date="20130129" Time="144642" Name="" export="">Append 'Trails\Cresheim Trail\Cresheim_Trail_Lower_Leg' "Trails\Existing Trails\WVP_Trails_2013" NO_TEST "ID "ID" true true false 4 Long 0 0 ,First,#;TYPE "TYPE" true true false 17 Text 0 0 ,First,#,K:\fow_new\GIS\Data\GPS Data\Newly_Built_Trails\Cresheim_Trail_Lower_Leg.shp,type,-1,-1;MATERIAL "MATERIAL" true true false 17 Text 0 0 ,First,#;WIDTH "WIDTH" true true false 4 Long 0 0 ,First,#;CONDITION "CONDITION" true true false 17 Text 0 0 ,First,#;Trl_Length "Trl_Length" true true false 8 Double 0 0 ,First,#;Limits "Limits" true true false 25 Text 0 0 ,First,#;Type2 "Type2" true true false 20 Text 0 0 ,First,#;name "name" true true false 50 Text 0 0 ,First,#;ACCESS "ACCESS" true true false 50 Text 0 0 ,First,#;Park_name "Park_name" true true false 100 Text 0 0 ,First,#;Shape_Leng "Shape_Leng" true true false 8 Double 0 0 ,First,#;Color_Name "Color_Name" true true false 50 Text 0 0 ,First,#;PM_Sugstns "PM_Sugstns" true true false 50 Text 0 0 ,First,#;Closed "Closed" true true false 3 Text 0 0 ,First,#;Shape_Length "Shape_Length" false true true 8 Double 0 0 ,First,#" #</Process><Process ToolSource="c:\program files (x86)\arcgis\desktop10.1\ArcToolbox\Toolboxes\Data Management Tools.tbx\CalculateField" Date="20130301" Time="151558" Name="" export="">CalculateField Trails\WVP_Trails_2013 PM_Sugstns "Close" VB #</Process><Process ToolSource="c:\program files (x86)\arcgis\desktop10.1\ArcToolbox\Toolboxes\Data Management Tools.tbx\CalculateField" Date="20130301" Time="151724" Name="" export="">CalculateField Trails\WVP_Trails_2013 PM_Sugstns "Close" VB #</Process><Process ToolSource="c:\program files (x86)\arcgis\desktop10.1\ArcToolbox\Toolboxes\Data Management Tools.tbx\CalculateField" Date="20130301" Time="151804" Name="" export="">CalculateField Trails\WVP_Trails_2013 PM_Sugstns "Close" VB #</Process><Process ToolSource="c:\program files (x86)\arcgis\desktop10.1\ArcToolbox\Toolboxes\Data Management Tools.tbx\CalculateField" Date="20130301" Time="151959" Name="" export="">CalculateField Trails\WVP_Trails_2013 PM_Sugstns "Close" VB #</Process><Process ToolSource="c:\program files (x86)\arcgis\desktop10.1\ArcToolbox\Toolboxes\Data Management Tools.tbx\CalculateField" Date="20130301" Time="152100" Name="" export="">CalculateField Trails\WVP_Trails_2013 PM_Sugstns "Close" VB #</Process><Process ToolSource="c:\program files (x86)\arcgis\desktop10.1\ArcToolbox\Toolboxes\Data Management Tools.tbx\CalculateField" Date="20130301" Time="152306" Name="" export="">CalculateField Trails\WVP_Trails_2013 PM_Sugstns "Close" VB #</Process><Process ToolSource="c:\program files (x86)\arcgis\desktop10.1\ArcToolbox\Toolboxes\Data Management Tools.tbx\CalculateField" Date="20130301" Time="155623" Name="" export="">CalculateField Trails\WVP_Trails_2013 PM_Sugstns "Close"
 VB #</Process><Process ToolSource="c:\program files (x86)\arcgis\desktop10.1\ArcToolbox\Toolboxes\Data Management Tools.tbx\CalculateField" Date="20130301" Time="160416" Name="" export="">CalculateField Trails\WVP_Trails_2013 PM_Sugstns "Close"
 VB #</Process><Process ToolSource="c:\program files (x86)\arcgis\desktop10.1\ArcToolbox\Toolboxes\Data Management Tools.tbx\CalculateField" Date="20130301" Time="160831" Name="" export="">CalculateField Trails\WVP_Trails_2013 PM_Sugstns "Close"
 VB #</Process><Process ToolSource="c:\program files (x86)\arcgis\desktop10.1\ArcToolbox\Toolboxes\Data Management Tools.tbx\CalculateField" Date="20130301" Time="161012" Name="" export="">CalculateField Trails\WVP_Trails_2013 PM_Sugstns "Close"
 VB #</Process><Process ToolSource="c:\program files (x86)\arcgis\desktop10.1\ArcToolbox\Toolboxes\Data Management Tools.tbx\CalculateField" Date="20130306" Time="124102" Name="" export="">CalculateField Trails\WVP_Trails_2013 PM_Sugstns "Close" VB #</Process><Process ToolSource="c:\program files (x86)\arcgis\desktop10.1\ArcToolbox\Toolboxes\Data Management Tools.tbx\CalculateField" Date="20130306" Time="143916" Name="" export="">CalculateField Trails\WVP_Trails_2013 PM_Sugstns "Close" VB #</Process><Process ToolSource="c:\program files (x86)\arcgis\desktop10.1\ArcToolbox\Toolboxes\Data Management Tools.tbx\CalculateField" Date="20130306" Time="144633" Name="" export="">CalculateField Trails\WVP_Trails_2013 TYPE "designated" VB #</Process><Process ToolSource="c:\program files (x86)\arcgis\desktop10.1\ArcToolbox\Toolboxes\Data Management Tools.tbx\CalculateField" Date="20130306" Time="144939" Name="" export="">CalculateField Trails\WVP_Trails_2013 PM_Sugstns "" VB #</Process><Process ToolSource="c:\program files (x86)\arcgis\desktop10.1\ArcToolbox\Toolboxes\Data Management Tools.tbx\Append" Date="20130416" Time="152728" Name="" export="">Append Trails\Cresheim_Trail Trails\WVP_Trails_2013 NO_TEST "ID "ID" true true false 4 Long 0 0 ,First,#;TYPE "TYPE" true true false 17 Text 0 0 ,First,#,K:\fow_new\GIS\Data\DATA General\Trails\Cresheim_Trail.shp,type,-1,-1;MATERIAL "MATERIAL" true true false 17 Text 0 0 ,First,#;WIDTH "WIDTH" true true false 4 Long 0 0 ,First,#;CONDITION "CONDITION" true true false 17 Text 0 0 ,First,#;Trl_Length "Trl_Length" true true false 8 Double 0 0 ,First,#;Limits "Limits" true true false 25 Text 0 0 ,First,#;Type2 "Type2" true true false 20 Text 0 0 ,First,#;name "name" true true false 50 Text 0 0 ,First,#;ACCESS "ACCESS" true true false 50 Text 0 0 ,First,#;Park_name "Park_name" true true false 100 Text 0 0 ,First,#;Shape_Leng "Shape_Leng" true true false 8 Double 0 0 ,First,#;Color_Name "Color_Name" true true false 50 Text 0 0 ,First,#;PM_Sugstns "PM_Sugstns" true true false 50 Text 0 0 ,First,#;Closed "Closed" true true false 3 Text 0 0 ,First,#;Shape_Length "Shape_Length" false true true 8 Double 0 0 ,First,#" #</Process><Process ToolSource="c:\program files (x86)\arcgis\desktop10.1\ArcToolbox\Toolboxes\Data Management Tools.tbx\CalculateField" Date="20130416" Time="153844" Name="" export="">CalculateField WVP_Trails_2013 TYPE "designated" VB #</Process><Process ToolSource="c:\program files (x86)\arcgis\desktop10.1\ArcToolbox\Toolboxes\Data Management Tools.tbx\CalculateField" Date="20130416" Time="153905" Name="" export="">CalculateField WVP_Trails_2013 name "Cresheim Trail" VB #</Process><Process ToolSource="c:\program files (x86)\arcgis\desktop10.1\ArcToolbox\Toolboxes\Data Management Tools.tbx\CalculateField" Date="20130416" Time="153943" Name="" export="">CalculateField WVP_Trails_2013 Limits "Multi-use" VB #</Process><Process ToolSource="c:\program files (x86)\arcgis\desktop10.1\ArcToolbox\Toolboxes\Data Management Tools.tbx\CalculateField" Date="20130416" Time="154002" Name="" export="">CalculateField WVP_Trails_2013 MATERIAL "dirt" VB #</Process><Process ToolSource="c:\program files (x86)\arcgis\desktop10.1\ArcToolbox\Toolboxes\Data Management Tools.tbx\CalculateField" Date="20130506" Time="155105" Name="" export="">CalculateField Trails\WVP_Trails_2013 TYPE "closed" VB #</Process><Process ToolSource="c:\program files (x86)\arcgis\desktop10.1\ArcToolbox\Toolboxes\Data Management Tools.tbx\CalculateField" Date="20130506" Time="155136" Name="" export="">CalculateField Trails\WVP_Trails_2013 TYPE "closed" VB #</Process><Process ToolSource="c:\program files (x86)\arcgis\desktop10.1\ArcToolbox\Toolboxes\Data Management Tools.tbx\CalculateField" Date="20130506" Time="155207" Name="" export="">CalculateField Trails\WVP_Trails_2013 TYPE "closed" VB #</Process><Process ToolSource="c:\program files (x86)\arcgis\desktop10.1\ArcToolbox\Toolboxes\Data Management Tools.tbx\CalculateField" Date="20130506" Time="155234" Name="" export="">CalculateField Trails\WVP_Trails_2013 TYPE "closed" VB #</Process><Process ToolSource="c:\program files (x86)\arcgis\desktop10.1\ArcToolbox\Toolboxes\Data Management Tools.tbx\CalculateField" Date="20130506" Time="155256" Name="" export="">CalculateField Trails\WVP_Trails_2013 TYPE "closed" VB #</Process><Process ToolSource="c:\program files (x86)\arcgis\desktop10.1\ArcToolbox\Toolboxes\Data Management Tools.tbx\CalculateField" Date="20130506" Time="155420" Name="" export="">CalculateField Trails\WVP_Trails_2013 TYPE "closed" VB #</Process><Process ToolSource="c:\program files (x86)\arcgis\desktop10.1\ArcToolbox\Toolboxes\Data Management Tools.tbx\CalculateField" Date="20130506" Time="155518" Name="" export="">CalculateField Trails\WVP_Trails_2013 TYPE "closed" VB #</Process><Process ToolSource="c:\program files (x86)\arcgis\desktop10.1\ArcToolbox\Toolboxes\Data Management Tools.tbx\Append" Date="20130506" Time="155831" Name="" export="">Append 'Andorra_New_Trail_Cuts selection' Trails\WVP_Trails_2013 NO_TEST "ID "ID" true true false 4 Long 0 0 ,First,#;TYPE "TYPE" true true false 17 Text 0 0 ,First,#;MATERIAL "MATERIAL" true true false 17 Text 0 0 ,First,#;WIDTH "WIDTH" true true false 4 Long 0 0 ,First,#;CONDITION "CONDITION" true true false 17 Text 0 0 ,First,#;Trl_Length "Trl_Length" true true false 8 Double 0 0 ,First,#;Limits "Limits" true true false 25 Text 0 0 ,First,#;Type2 "Type2" true true false 20 Text 0 0 ,First,#;name "name" true true false 50 Text 0 0 ,First,#;ACCESS "ACCESS" true true false 50 Text 0 0 ,First,#;Park_name "Park_name" true true false 100 Text 0 0 ,First,#;Shape_Leng "Shape_Leng" true true false 8 Double 0 0 ,First,#;Color_Name "Color_Name" true true false 50 Text 0 0 ,First,#;PM_Sugstns "PM_Sugstns" true true false 50 Text 0 0 ,First,#;Closed "Closed" true true false 3 Text 0 0 ,First,#;Shape_Length "Shape_Length" false true true 8 Double 0 0 ,First,#" #</Process><Process ToolSource="c:\program files (x86)\arcgis\desktop10.1\ArcToolbox\Toolboxes\Data Management Tools.tbx\CalculateField" Date="20130506" Time="155920" Name="" export="">CalculateField Trails\WVP_Trails_2013 TYPE "designated" VB #</Process><Process ToolSource="c:\program files (x86)\arcgis\desktop10.1\ArcToolbox\Toolboxes\Conversion Tools.tbx\FeatureClassToFeatureClass" Date="20130607" Time="180224" Name="" export="">FeatureClassToFeatureClass "K:\fow_new\GIS\Data\FOW GIS Database.gdb\WVP_Trails_2013" "C:\Users\Projman\Desktop\Scratch Maps" "FOW Trails 2013.shp" # "ID "ID" true true false 4 Long 0 0 ,First,#,K:\fow_new\GIS\Data\FOW GIS Database.gdb\WVP_Trails_2013,ID,-1,-1;TYPE "TYPE" true true false 17 Text 0 0 ,First,#,K:\fow_new\GIS\Data\FOW GIS Database.gdb\WVP_Trails_2013,TYPE,-1,-1;MATERIAL "MATERIAL" true true false 17 Text 0 0 ,First,#,K:\fow_new\GIS\Data\FOW GIS Database.gdb\WVP_Trails_2013,MATERIAL,-1,-1;WIDTH "WIDTH" true true false 4 Long 0 0 ,First,#,K:\fow_new\GIS\Data\FOW GIS Database.gdb\WVP_Trails_2013,WIDTH,-1,-1;CONDITION "CONDITION" true true false 17 Text 0 0 ,First,#,K:\fow_new\GIS\Data\FOW GIS Database.gdb\WVP_Trails_2013,CONDITION,-1,-1;Trl_Length "Trl_Length" true true false 8 Double 0 0 ,First,#,K:\fow_new\GIS\Data\FOW GIS Database.gdb\WVP_Trails_2013,Trl_Length,-1,-1;Limits "Limits" true true false 25 Text 0 0 ,First,#,K:\fow_new\GIS\Data\FOW GIS Database.gdb\WVP_Trails_2013,Limits,-1,-1;Type2 "Type2" true true false 20 Text 0 0 ,First,#,K:\fow_new\GIS\Data\FOW GIS Database.gdb\WVP_Trails_2013,Type2,-1,-1;name "name" true true false 50 Text 0 0 ,First,#,K:\fow_new\GIS\Data\FOW GIS Database.gdb\WVP_Trails_2013,name,-1,-1;ACCESS "ACCESS" true true false 50 Text 0 0 ,First,#,K:\fow_new\GIS\Data\FOW GIS Database.gdb\WVP_Trails_2013,ACCESS,-1,-1;Park_name "Park_name" true true false 100 Text 0 0 ,First,#,K:\fow_new\GIS\Data\FOW GIS Database.gdb\WVP_Trails_2013,Park_name,-1,-1;Shape_Leng "Shape_Leng" true true false 8 Double 0 0 ,First,#,K:\fow_new\GIS\Data\FOW GIS Database.gdb\WVP_Trails_2013,Shape_Leng,-1,-1;Color_Name "Color_Name" true true false 50 Text 0 0 ,First,#,K:\fow_new\GIS\Data\FOW GIS Database.gdb\WVP_Trails_2013,Color_Name,-1,-1;Closed "Closed" true true false 3 Text 0 0 ,First,#,K:\fow_new\GIS\Data\FOW GIS Database.gdb\WVP_Trails_2013,Closed,-1,-1;Shape_Le_1 "Shape_Le_1" false true true 8 Double 0 0 ,First,#,K:\fow_new\GIS\Data\FOW GIS Database.gdb\WVP_Trails_2013,Shape_Length,-1,-1" #</Process><Process ToolSource="c:\program files\arcgis\desktop10.0\ArcToolbox\Toolboxes\Data Management Tools.tbx\Merge" Date="20130610" Time="150950" Name="" export="">Merge 'FOW Trails 2013';All_Trails X:\GIS_DATA\Trails\Trails.gdb\Trails\All_Trails_2013 "ID "ID" true true false 9 Long 0 9 ,First,#,FOW Trails 2013,ID,-1,-1,All_Trails,Id,-1,-1;TYPE "TYPE" true true false 17 Text 0 0 ,First,#,FOW Trails 2013,TYPE,-1,-1,All_Trails,TYPE,-1,-1;MATERIAL "MATERIAL" true true false 17 Text 0 0 ,First,#,FOW Trails 2013,MATERIAL,-1,-1,All_Trails,MATERIAL,-1,-1;WIDTH "WIDTH" true true false 9 Long 0 9 ,First,#,FOW Trails 2013,WIDTH,-1,-1,All_Trails,WIDTH,-1,-1;CONDITION "CONDITION" true true false 17 Text 0 0 ,First,#,FOW Trails 2013,CONDITION,-1,-1,All_Trails,CONDITION,-1,-1;Trl_Length "Trl_Length" true true false 19 Double 0 0 ,First,#,FOW Trails 2013,Trl_Length,-1,-1,All_Trails,Trl_Length,-1,-1;Limits "Limits" true true false 25 Text 0 0 ,First,#,FOW Trails 2013,Limits,-1,-1,All_Trails,Limits,-1,-1;Type2 "Type2" true true false 20 Text 0 0 ,First,#,FOW Trails 2013,Type2,-1,-1,All_Trails,Type2,-1,-1;name "name" true true false 50 Text 0 0 ,First,#,FOW Trails 2013,name,-1,-1,All_Trails,name,-1,-1;ACCESS "ACCESS" true true false 50 Text 0 0 ,First,#,FOW Trails 2013,ACCESS,-1,-1,All_Trails,ACCESS,-1,-1;Park_name "Park_name" true true false 100 Text 0 0 ,First,#,FOW Trails 2013,Park_name,-1,-1,All_Trails,Park_name,-1,-1;Shape_Leng "Shape_Leng" true true false 19 Double 0 0 ,First,#,FOW Trails 2013,Shape_Leng,-1,-1,All_Trails,Shape_Leng,-1,-1;Color_Name "Color_Name" true true false 50 Text 0 0 ,First,#,FOW Trails 2013,Color_Name,-1,-1;Closed "Closed" true true false 3 Text 0 0 ,First,#,FOW Trails 2013,Closed,-1,-1;Shape_Le_1 "Shape_Le_1" true true false 19 Double 0 0 ,First,#,FOW Trails 2013,Shape_Le_1,-1,-1,All_Trails,Shape_Le_1,-1,-1;ParkName "ParkName" true true false 50 Text 0 0 ,First,#,All_Trails,ParkName,-1,-1;TrailType "TrailType" true true false 100 Text 0 0 ,First,#,All_Trails,TrailType,-1,-1;Shape_Length "Shape_Length" false true true 8 Double 0 0 ,First,#,All_Trails,Shape_Length,-1,-1;feet "feet" true true false 8 Double 0 0 ,First,#,All_Trails,feet,-1,-1"</Process><Process ToolSource="C:\Program Files\ArcGIS\Desktop10.0\ArcToolbox\Toolboxes\Data Management Tools.tbx\CalculateField" Date="20130821" Time="160755" Name="" export="">CalculateField All_Trails_2013 TYPE "rogue" VB #</Process><Process ToolSource="C:\Program Files\ArcGIS\Desktop10.0\ArcToolbox\Toolboxes\Data Management Tools.tbx\CalculateField" Date="20130821" Time="161610" Name="" export="">CalculateField All_Trails_2013 TYPE "planned" VB #</Process><Process ToolSource="c:\program files\arcgis\desktop10.1\ArcToolbox\Toolboxes\Data Management Tools.tbx\CalculateField" Date="20140331" Time="160200">CalculateField PPR_trails_2014 TYPE "abandoned" VB #</Process><Process ToolSource="c:\program files\arcgis\desktop10.1\ArcToolbox\Toolboxes\Data Management Tools.tbx\CalculateField" Date="20140331" Time="161947">CalculateField PPR_trails_2014 TYPE "open field" VB #</Process><Process ToolSource="c:\program files\arcgis\desktop10.1\ArcToolbox\Toolboxes\Data Management Tools.tbx\CalculateField" Date="20140331" Time="162129">CalculateField PPR_trails_2014 TYPE "road" VB #</Process><Process ToolSource="c:\program files\arcgis\desktop10.1\ArcToolbox\Toolboxes\Data Management Tools.tbx\CalculateField" Date="20140331" Time="162817">CalculateField PPR_trails_2014 TYPE "rogue" VB #</Process><Process ToolSource="c:\program files\arcgis\desktop10.1\ArcToolbox\Toolboxes\Data Management Tools.tbx\CalculateField" Date="20140331" Time="163045">CalculateField PPR_trails_2014 Type2 "asphalt" VB #</Process><Process ToolSource="c:\program files\arcgis\desktop10.1\ArcToolbox\Toolboxes\Data Management Tools.tbx\CalculateField" Date="20140331" Time="163200">CalculateField PPR_trails_2014 Type2 "bridge" VB #</Process><Process ToolSource="c:\program files\arcgis\desktop10.1\ArcToolbox\Toolboxes\Data Management Tools.tbx\CalculateField" Date="20140331" Time="164550">CalculateField PPR_trails_2014 Type2 "parking lot" VB #</Process><Process ToolSource="c:\program files\arcgis\desktop10.1\ArcToolbox\Toolboxes\Data Management Tools.tbx\CalculateField" Date="20140331" Time="164847">CalculateField PPR_trails_2014 Type2 "road crossing" VB #</Process><Process ToolSource="c:\program files\arcgis\desktop10.1\ArcToolbox\Toolboxes\Data Management Tools.tbx\CalculateField" Date="20140331" Time="165155">CalculateField PPR_trails_2014 Type2 "road crossing" VB #</Process><Process ToolSource="c:\program files\arcgis\desktop10.1\ArcToolbox\Toolboxes\Data Management Tools.tbx\CalculateField" Date="20140331" Time="165237">CalculateField PPR_trails_2014 Type2 "rogue" VB #</Process><Process ToolSource="c:\program files\arcgis\desktop10.1\ArcToolbox\Toolboxes\Data Management Tools.tbx\CalculateField" Date="20140331" Time="165343">CalculateField PPR_trails_2014 Type2 "stairs" VB #</Process><Process ToolSource="c:\program files\arcgis\desktop10.1\ArcToolbox\Toolboxes\Data Management Tools.tbx\CalculateField" Date="20140401" Time="130656">CalculateField PPR_trails_opendata TYPE "designated" VB #</Process><Process ToolSource="c:\program files\arcgis\desktop10.1\ArcToolbox\Toolboxes\Data Management Tools.tbx\CopyFeatures" Date="20140403" Time="142202">CopyFeatures temp_layer X:\GIS_DATA\ParksDept-geodata\shapefile\temp\Trails.shp # 0 0 0</Process><Process ToolSource="c:\program files\arcgis\desktop10.1\ArcToolbox\Toolboxes\Data Management Tools.tbx\Project" Date="20140403" Time="142217">Project X:\GIS_DATA\ParksDept-geodata\shapefile\temp\Trails.shp X:\GIS_DATA\ParksDept-geodata\shapefile\Trails.shp GEOGCS['GCS_WGS_1984',DATUM['D_WGS_1984',SPHEROID['WGS_1984',6378137.0,298.257223563]],PRIMEM['Greenwich',0.0],UNIT['Degree',0.0174532925199433],METADATA['World',-180.0,-90.0,180.0,90.0,0.0,0.0174532925199433,0.0,1262]] WGS_1984_(ITRF00)_To_NAD_1983 PROJCS['NAD_1983_StatePlane_Pennsylvania_South_FIPS_3702_Feet',GEOGCS['GCS_North_American_1983',DATUM['D_North_American_1983',SPHEROID['GRS_1980',6378137.0,298.257222101]],PRIMEM['Greenwich',0.0],UNIT['Degree',0.0174532925199433]],PROJECTION['Lambert_Conformal_Conic'],PARAMETER['False_Easting',1968500.0],PARAMETER['False_Northing',0.0],PARAMETER['Central_Meridian',-77.75],PARAMETER['Standard_Parallel_1',39.93333333333333],PARAMETER['Standard_Parallel_2',40.96666666666667],PARAMETER['Latitude_Of_Origin',39.33333333333334],UNIT['Foot_US',0.3048006096012192]]</Process></lineage><itemProps><itemName Sync="TRUE">Trails</itemName><imsContentType Sync="TRUE">002</imsContentType><itemSize Sync="TRUE">0.000</itemSize><itemLocation><linkage Sync="TRUE">file://\\FPCADDC1\GIS Home\GIS_DATA\ParksDept-geodata\shapefile\temp\Trails.shp</linkage><protocol Sync="TRUE">Local Area Network</protocol></itemLocation><nativeExtBox><westBL Sync="TRUE">2659835.914170</westBL><eastBL Sync="TRUE">2747757.183537</eastBL><southBL Sync="TRUE">216341.135811</southBL><northBL Sync="TRUE">302446.873376</northBL><exTypeCode Sync="TRUE">1</exTypeCode></nativeExtBox></itemProps><coordRef><type Sync="TRUE">Projected</type><geogcsn Sync="TRUE">GCS_North_American_1983</geogcsn><csUnits Sync="TRUE">Linear Unit: Foot_US (0.304801)</csUnits><projcsn Sync="TRUE">NAD_1983_StatePlane_Pennsylvania_South_FIPS_3702_Feet</projcsn><peXml Sync="TRUE">&lt;ProjectedCoordinateSystem xsi:type='typens:ProjectedCoordinateSystem' xmlns:xsi='http://www.w3.org/2001/XMLSchema-instance' xmlns:xs='http://www.w3.org/2001/XMLSchema' xmlns:typens='http://www.esri.com/schemas/ArcGIS/10.1'&gt;&lt;WKT&gt;PROJCS[&amp;quot;NAD_1983_StatePlane_Pennsylvania_South_FIPS_3702_Feet&amp;quot;,GEOGCS[&amp;quot;GCS_North_American_1983&amp;quot;,DATUM[&amp;quot;D_North_American_1983&amp;quot;,SPHEROID[&amp;quot;GRS_1980&amp;quot;,6378137.0,298.257222101]],PRIMEM[&amp;quot;Greenwich&amp;quot;,0.0],UNIT[&amp;quot;Degree&amp;quot;,0.0174532925199433]],PROJECTION[&amp;quot;Lambert_Conformal_Conic&amp;quot;],PARAMETER[&amp;quot;False_Easting&amp;quot;,1968500.0],PARAMETER[&amp;quot;False_Northing&amp;quot;,0.0],PARAMETER[&amp;quot;Central_Meridian&amp;quot;,-77.75],PARAMETER[&amp;quot;Standard_Parallel_1&amp;quot;,39.93333333333333],PARAMETER[&amp;quot;Standard_Parallel_2&amp;quot;,40.96666666666667],PARAMETER[&amp;quot;Latitude_Of_Origin&amp;quot;,39.33333333333334],UNIT[&amp;quot;Foot_US&amp;quot;,0.3048006096012192],AUTHORITY[&amp;quot;EPSG&amp;quot;,2272]]&lt;/WKT&gt;&lt;XOrigin&gt;-119214200&lt;/XOrigin&gt;&lt;YOrigin&gt;-96198500&lt;/YOrigin&gt;&lt;XYScale&gt;37163717.489134133&lt;/XYScale&gt;&lt;ZOrigin&gt;-100000&lt;/ZOrigin&gt;&lt;ZScale&gt;10000&lt;/ZScale&gt;&lt;MOrigin&gt;-100000&lt;/MOrigin&gt;&lt;MScale&gt;10000&lt;/MScale&gt;&lt;XYTolerance&gt;0.0032808333333333331&lt;/XYTolerance&gt;&lt;ZTolerance&gt;0.001&lt;/ZTolerance&gt;&lt;MTolerance&gt;0.001&lt;/MTolerance&gt;&lt;HighPrecision&gt;true&lt;/HighPrecision&gt;&lt;WKID&gt;102729&lt;/WKID&gt;&lt;LatestWKID&gt;2272&lt;/LatestWKID&gt;&lt;/ProjectedCoordinateSystem&gt;</peXml></coordRef></DataProperties><ArcGISFormat>1.0</ArcGISFormat><ArcGISProfile>ItemDescription</ArcGISProfile><scaleRange><minScale>150000000</minScale><maxScale>5000</maxScale></scaleRange></Esri><idinfo><citation><citeinfo><onlink Sync="TRUE">\\Fpcaddc1\GIS Home\GIS_DATA\Trails\Trails.gdb</onlink><origin>Fairmount Park</origin><pubdate>Unknown</pubdate><title Sync="TRUE">All Trails 2013</title><ftname Sync="TRUE">FPC_Trails_all_2011</ftname><geoform Sync="TRUE">vector digital data</geoform></citeinfo></citation><native Sync="TRUE">Microsoft Windows XP Version 5.1 (Build 2600) Service Pack 2; ESRI ArcCatalog 9.3.1.4000</native><descript><langdata Sync="TRUE">en</langdata><abstract>Data Development:Combined all trail systems throughout Philadelphia via merging. Historical maps, existing park maps, FPC_Trails layers, and other existing trail layers were used to create the All Trails shape file.Several trails systems have been altered, updated, or removed.Updated with the FOW Trail layer 2013Key attribute field names and descriptions:Material: the trail system materialParkName: the name of the park in which the trail residesTrailType: type of trailCondition: trail conditionWidth: trail widthname: name of trail (limited field)Coordinate System:Lambert_Conformal_Conic, NAD83, PA South State Plane Coordinates, US FootThematic mapping:If name desired, use the name field, althought this field is limited with data.</abstract><purpose>Major walking/biking/hiking/horse trails running through Philadelphia's Park and Recreation facilities.
Features updated: 11/13/2013
Attributes updated: 11/13/2013
Metadata updated: 11/13/2013</purpose><supplinf>The older versions of this file are in the Soft Delete folder as of 07/2010</supplinf></descript><timeperd><current>ground condition</current><timeinfo><sngdate><caldate>unknown</caldate></sngdate></timeinfo></timeperd><status><progress>Complete</progress><update>As needed</update></status><spdom><bounding><westbc Sync="TRUE">-75.285637</westbc><eastbc Sync="TRUE">-74.957516</eastbc><northbc Sync="TRUE">40.137006</northbc><southbc Sync="TRUE">39.893440</southbc></bounding><lboundng><leftbc Sync="TRUE">2659835.914170</leftbc><rightbc Sync="TRUE">2749219.111388</rightbc><bottombc Sync="TRUE">216341.135811</bottombc><topbc Sync="TRUE">302446.873376</topbc></lboundng></spdom><keywords><theme><themekey>Trails</themekey></theme><place><placekey>Fairmount Park</placekey></place></keywords><natvform Sync="TRUE">File Geodatabase Feature Class</natvform><ptcontac><cntinfo><cntperp><cntper>Joni Baumgarten</cntper><cntorg>Fairmount Park</cntorg></cntperp></cntinfo></ptcontac></idinfo><distInfo><distributor><distorTran><onLineSrc><linkage Sync="TRUE">file://\\Fpcaddc1\GIS Home\GIS_DATA\Trails\Trails.gdb</linkage><protocol Sync="TRUE">Local Area Network</protocol><orDesc Sync="TRUE">002</orDesc></onLineSrc><transSize Sync="TRUE">0.728</transSize></distorTran><distorFormat><formatName Sync="TRUE">File Geodatabase Feature Class</formatName></distorFormat></distributor><distFormat><formatName Sync="TRUE">Shapefile</formatName></distFormat><distTranOps><transSize Sync="TRUE">0.000</transSize></distTranOps></distInfo><dataqual><lineage><procstep><procdesc Sync="TRUE">Dataset moved.</procdesc><srcused Sync="TRUE">X:\Park Shapes Main\FPC Trails\fpc-trails</srcused><date Sync="TRUE">20080506</date><time Sync="TRUE">17053000</time></procstep><procstep><procdesc Sync="TRUE">Dataset copied.</procdesc><srcused Sync="TRUE">X:\GIS_Data_2\Trails\FPC_trails</srcused><date Sync="TRUE">20080514</date><time Sync="TRUE">12310200</time></procstep></lineage><logic>Postition of trails has not been compared to new 2008 Orthos. Layer is used often, so there should be no major inacuracies.</logic></dataqual><dataIdInfo><envirDesc Sync="TRUE">Microsoft Windows 7 Version 6.1 (Build 7601) Service Pack 1; Esri ArcGIS 10.1.1.3143</envirDesc><dataLang><languageCode Sync="TRUE" value="eng" country="US"/><countryCode value="USA" Sync="TRUE"/></dataLang><idCitation><resTitle Sync="FALSE">PPR Trails 2014</resTitle><presForm><PresFormCd Sync="TRUE" value="005"/></presForm></idCitation><spatRpType><SpatRepTypCd Sync="TRUE" value="001"/></spatRpType><dataExt><geoEle><GeoBndBox esriExtentType="native"><westBL Sync="TRUE">2659835.91417</westBL><eastBL Sync="TRUE">2749219.111388</eastBL><northBL Sync="TRUE">302446.873376</northBL><southBL Sync="TRUE">216341.135811</southBL><exTypeCode Sync="TRUE">1</exTypeCode></GeoBndBox></geoEle></dataExt><geoBox esriExtentType="decdegrees"><westBL Sync="TRUE">-75.285637</westBL><eastBL Sync="TRUE">-74.957516</eastBL><northBL Sync="TRUE">40.137006</northBL><southBL Sync="TRUE">39.89344</southBL><exTypeCode Sync="TRUE">1</exTypeCode></geoBox><descKeys><thesaName uuidref="723f6998-058e-11dc-8314-0800200c9a66"/><keyword Sync="TRUE">002</keyword></descKeys><idPurp>Major walking/biking/hiking/horse trails running through Philadelphia's Park and Recreation facilities.
Features updated: 11/13/2013
Attributes updated: 11/13/2013
Metadata updated: 03/31/2013</idPurp><idAbs>&lt;DIV STYLE="text-align:Left;"&gt;&lt;DIV&gt;&lt;DIV&gt;&lt;P&gt;&lt;SPAN STYLE="font-weight:bold;"&gt;Data Development:&lt;/SPAN&gt;&lt;/P&gt;&lt;UL&gt;&lt;LI&gt;&lt;P&gt;&lt;SPAN /&gt;&lt;SPAN&gt;Combined all trail systems throughout Philadelphia via merging. &lt;/SPAN&gt;&lt;/P&gt;&lt;/LI&gt;&lt;LI&gt;&lt;P&gt;&lt;SPAN&gt;Historical maps, existing park maps, FPC_Trails layers, and other existing trail layers were used to create the All Trails shape file.&lt;/SPAN&gt;&lt;/P&gt;&lt;/LI&gt;&lt;LI&gt;&lt;P&gt;&lt;SPAN&gt;Several trails systems have been altered, updated, or removed.&lt;/SPAN&gt;&lt;/P&gt;&lt;/LI&gt;&lt;LI&gt;&lt;P&gt;&lt;SPAN&gt;Updated with the FOW Trail layer 2013&lt;/SPAN&gt;&lt;/P&gt;&lt;/LI&gt;&lt;/UL&gt;&lt;P&gt;&lt;SPAN STYLE="font-weight:bold;"&gt;Key attribute field names and descriptions:&lt;/SPAN&gt;&lt;/P&gt;&lt;UL&gt;&lt;LI&gt;&lt;P&gt;&lt;SPAN&gt;Material: the trail system material&lt;/SPAN&gt;&lt;/P&gt;&lt;/LI&gt;&lt;LI&gt;&lt;P&gt;&lt;SPAN&gt;ParkName: the name of the park in which the trail resides&lt;/SPAN&gt;&lt;/P&gt;&lt;/LI&gt;&lt;LI&gt;&lt;P&gt;&lt;SPAN&gt;TrailType: type of trail&lt;/SPAN&gt;&lt;/P&gt;&lt;/LI&gt;&lt;LI&gt;&lt;P&gt;&lt;SPAN&gt;Condition: trail condition&lt;/SPAN&gt;&lt;/P&gt;&lt;/LI&gt;&lt;LI&gt;&lt;P&gt;&lt;SPAN&gt;Width: trail width&lt;/SPAN&gt;&lt;/P&gt;&lt;/LI&gt;&lt;LI&gt;&lt;P&gt;&lt;SPAN&gt;name: name of trail (limited field)&lt;/SPAN&gt;&lt;/P&gt;&lt;/LI&gt;&lt;/UL&gt;&lt;P&gt;&lt;SPAN STYLE="font-weight:bold;"&gt;Coordinate System:&lt;/SPAN&gt;&lt;/P&gt;&lt;UL&gt;&lt;LI&gt;&lt;P&gt;&lt;SPAN&gt;Lambert_Conformal_Conic, NAD83, PA South State Plane Coordinates, US Foot&lt;/SPAN&gt;&lt;/P&gt;&lt;/LI&gt;&lt;/UL&gt;&lt;P&gt;&lt;SPAN STYLE="font-weight:bold;"&gt;Thematic mapping:&lt;/SPAN&gt;&lt;/P&gt;&lt;UL&gt;&lt;LI&gt;&lt;P&gt;&lt;SPAN&gt;If name desired, use the name field, althought this field is limited with data.&lt;/SPAN&gt;&lt;/P&gt;&lt;/LI&gt;&lt;/UL&gt;&lt;/DIV&gt;&lt;/DIV&gt;&lt;/DIV&gt;</idAbs><idCredit>Nora Dougherty, Geospatial Analyst
Philadelphia Parks &amp; Recreation
1515 Arch Street, 10th Floor
Philadelphia, PA 19102</idCredit><searchKeys><keyword>Parks and Recreation</keyword><keyword>PPR</keyword><keyword>City of Phildadelphia</keyword><keyword>Trails</keyword><keyword>All</keyword></searchKeys><resConst><Consts><useLimit>&lt;DIV STYLE="text-align:Left;"&gt;&lt;DIV&gt;&lt;DIV&gt;&lt;P&gt;&lt;SPAN&gt;The City of Philadelphia makes no representation about the accuracy of any specific information in this GIS data and is provided “as is” and without Warranty of any kind. The user of this data will assume complete responsibility for any and all occurrences resulting from its use or display and will hold the City of Philadelphia harmless from any and all claims, demands, liabilities, obligations, damages, suits, judgments or settlements, including reasonable costs and attorneys' fees, that arise from use of this data.&lt;/SPAN&gt;&lt;/P&gt;&lt;/DIV&gt;&lt;/DIV&gt;&lt;/DIV&gt;</useLimit></Consts></resConst><dataExt><geoEle xmlns=""><GeoBndBox esriExtentType="search"><exTypeCode Sync="TRUE">1</exTypeCode><westBL Sync="TRUE">-75.285637</westBL><eastBL Sync="TRUE">-74.962741</eastBL><northBL Sync="TRUE">40.137006</northBL><southBL Sync="TRUE">39.893566</southBL></GeoBndBox></geoEle></dataExt></dataIdInfo><metainfo><langmeta Sync="TRUE">en</langmeta><metstdn Sync="TRUE">FGDC Content Standards for Digital Geospatial Metadata</metstdn><metstdv Sync="TRUE">FGDC-STD-001-1998</metstdv><mettc Sync="TRUE">local time</mettc><metc><cntinfo><cntorgp><cntper>Joni Baumgarten</cntper><cntorg>Fairmount Park</cntorg></cntorgp><cntaddr><addrtype>mailing and physical address</addrtype><city>Philadelphia</city><state>PA</state><postal>19102</postal><address>1515 Arch St</address></cntaddr><cntvoice>215-683-0234</cntvoice></cntinfo></metc><metd Sync="TRUE">20110628</metd></metainfo><mdLang><languageCode Sync="TRUE" value="eng"/><countryCode value="USA" Sync="TRUE"/></mdLang><mdStanName Sync="TRUE">ISO 19115 Geographic Information - Metadata</mdStanName><mdStanVer Sync="TRUE">DIS_ESRI1.0</mdStanVer><mdChar><CharSetCd Sync="TRUE" value="004"/></mdChar><mdHrLv><ScopeCd Sync="TRUE" value="005"/></mdHrLv><mdHrLvName Sync="TRUE">dataset</mdHrLvName><distinfo><resdesc Sync="TRUE">Downloadable Data</resdesc><stdorder><digform><digtinfo><transize Sync="TRUE">0.728</transize><dssize Sync="TRUE">0.728</dssize></digtinfo></digform></stdorder></distinfo><spdoinfo><direct Sync="TRUE">Vector</direct><ptvctinf><esriterm Name="Trails"><efeatyp Sync="TRUE">Simple</efeatyp><efeageom code="3" Sync="TRUE"></efeageom><esritopo Sync="TRUE">FALSE</esritopo><efeacnt Sync="TRUE">0</efeacnt><spindex Sync="TRUE">FALSE</spindex><linrefer Sync="TRUE">FALSE</linrefer></esriterm></ptvctinf></spdoinfo><spref><horizsys><cordsysn><geogcsn Sync="TRUE">GCS_North_American_1983</geogcsn><projcsn Sync="TRUE">NAD_1983_StatePlane_Pennsylvania_South_FIPS_3702_Feet</projcsn></cordsysn><planar><planci><plance Sync="TRUE">coordinate pair</plance><plandu Sync="TRUE">survey feet</plandu><coordrep><absres Sync="TRUE">0.000328</absres><ordres Sync="TRUE">0.000328</ordres></coordrep></planci></planar><geodetic><horizdn Sync="TRUE">North American Datum of 1983</horizdn><ellips Sync="TRUE">Geodetic Reference System 80</ellips><semiaxis Sync="TRUE">6378137.000000</semiaxis><denflat Sync="TRUE">298.257222</denflat></geodetic></horizsys><vertdef><altsys><altenc Sync="TRUE">Explicit elevation coordinate included with horizontal coordinates</altenc><altres Sync="TRUE">0.000100</altres></altsys></vertdef></spref><refSysInfo><RefSystem><refSysID><identCode Sync="TRUE" value="2272" code="2272">NAD_1983_StatePlane_Pennsylvania_South_FIPS_3702_Feet</identCode><idCodeSpace Sync="TRUE">EPSG</idCodeSpace><idVersion Sync="TRUE">7.11.2</idVersion></refSysID></RefSystem></refSysInfo><spatRepInfo><VectSpatRep><geometObjs Name="Trails"><geoObjTyp><GeoObjTypCd value="002" Sync="TRUE"></GeoObjTypCd></geoObjTyp><geoObjCnt Sync="TRUE">0</geoObjCnt></geometObjs><topLvl><TopoLevCd value="001" Sync="TRUE"></TopoLevCd></topLvl></VectSpatRep></spatRepInfo><eainfo><detailed Name="Trails"><enttyp><enttypl Sync="TRUE">Trails</enttypl><enttypt Sync="TRUE">Feature Class</enttypt><enttypc Sync="TRUE">0</enttypc></enttyp><attr><attrlabl Sync="TRUE">FID</attrlabl><attalias Sync="TRUE">FID</attalias><attrtype Sync="TRUE">OID</attrtype><attwidth Sync="TRUE">4</attwidth><atprecis Sync="TRUE">0</atprecis><attscale Sync="TRUE">0</attscale><attrdef Sync="TRUE">Internal feature number.</attrdef><attrdefs Sync="TRUE">Esri</attrdefs><attrdomv><udom Sync="TRUE">Sequential unique whole numbers that are automatically generated.</udom></attrdomv></attr><attr><attrlabl Sync="TRUE">Shape</attrlabl><attalias Sync="TRUE">Shape</attalias><attrtype Sync="TRUE">Geometry</attrtype><attwidth Sync="TRUE">0</attwidth><atprecis Sync="TRUE">0</atprecis><attscale Sync="TRUE">0</attscale><attrdef Sync="TRUE">Feature geometry.</attrdef><attrdefs Sync="TRUE">ESRI</attrdefs><attrdomv><udom Sync="TRUE">Coordinates defining the features.</udom></attrdomv></attr><attr><attrlabl Sync="TRUE">TYPE</attrlabl><attalias Sync="TRUE">TYPE</attalias><attrtype Sync="TRUE">String</attrtype><attwidth Sync="TRUE">17</attwidth><atprecis Sync="TRUE">0</atprecis><attscale Sync="TRUE">0</attscale></attr><attr><attrlabl Sync="TRUE">MATERIAL</attrlabl><attalias Sync="TRUE">MATERIAL</attalias><attrtype Sync="TRUE">String</attrtype><attwidth Sync="TRUE">17</attwidth><atprecis Sync="TRUE">0</atprecis><attscale Sync="TRUE">0</attscale></attr><attr><attrlabl Sync="TRUE">WIDTH</attrlabl><attalias Sync="TRUE">WIDTH</attalias><attrtype Sync="TRUE">Integer</attrtype><attwidth Sync="TRUE">9</attwidth><atprecis Sync="TRUE">9</atprecis><attscale Sync="TRUE">0</attscale></attr><attr><attrlabl Sync="TRUE">Trl_Length</attrlabl><attalias Sync="TRUE">Trl_Length</attalias><attrtype Sync="TRUE">Double</attrtype><attwidth Sync="TRUE">19</attwidth><atprecis Sync="TRUE">0</atprecis><attscale Sync="TRUE">0</attscale></attr><attr><attrlabl Sync="TRUE">Limits</attrlabl><attalias Sync="TRUE">Limits</attalias><attrtype Sync="TRUE">String</attrtype><attwidth Sync="TRUE">25</attwidth><atprecis Sync="TRUE">0</atprecis><attscale Sync="TRUE">0</attscale></attr><attr><attrlabl Sync="TRUE">Type2</attrlabl><attalias Sync="TRUE">Type2</attalias><attrtype Sync="TRUE">String</attrtype><attwidth Sync="TRUE">20</attwidth><atprecis Sync="TRUE">0</atprecis><attscale Sync="TRUE">0</attscale></attr><attr><attrlabl Sync="TRUE">name</attrlabl><attalias Sync="TRUE">name</attalias><attrtype Sync="TRUE">String</attrtype><attwidth Sync="TRUE">50</attwidth><atprecis Sync="TRUE">0</atprecis><attscale Sync="TRUE">0</attscale></attr><attr><attrlabl Sync="TRUE">Park_name</attrlabl><attalias Sync="TRUE">Park_name</attalias><attrtype Sync="TRUE">String</attrtype><attwidth Sync="TRUE">100</attwidth><atprecis Sync="TRUE">0</atprecis><attscale Sync="TRUE">0</attscale></attr></detailed></eainfo><mdDateSt Sync="TRUE">20140403</mdDateSt></metadata>
