<?xml version="1.0" encoding="UTF-8"?>
<metadata xml:lang="en"><Esri><CreaDate>20140326</CreaDate><CreaTime>16031500</CreaTime><SyncOnce>FALSE</SyncOnce><RematchLocator>Parcel Locator<Category Locator="Review">Address</Category><Description Locator="Review">US One Address</Description><BuildVersion Locator="Review">$Revision: 12$</BuildVersion><BuildVersionDate Locator="Review">$Date: 10/9/2007 5:40:08 PM$</BuildVersionDate><CLSID Locator="Review">{B5D3AB87-EED1-11D3-9F76-00C04F8ED1C4}</CLSID><ConfigKeyword Locator="Review">DEFAULTS</ConfigKeyword><DBEnv.CLSID Locator="Review">{43BA3ECC-0120-11d4-AB58-00C04FA379E3}</DBEnv.CLSID><DBEnv.Library Locator="Review">LocationQueryEngine</DBEnv.Library><EmbedGeocodingRules Locator="Review">TRUE</EmbedGeocodingRules><Fallback Locator="Review">TRUE</Fallback><FieldAliases Locator="Review">Street</FieldAliases><FieldNames.0 Locator="Review">Address</FieldNames.0><FieldNames.0 Locator="Review">Addr</FieldNames.0><FieldNames.0 Locator="Review">Street</FieldNames.0><Fields Locator="Review">Street</Fields><FieldSizes Locator="Review">60</FieldSizes><FieldsRequired Locator="Review">TRUE</FieldsRequired><FileMAT Locator="Review">us_snum2.mat</FileMAT><FileSTN Locator="Review">us_addr.stn</FileSTN><Interpolate Locator="Review">FALSE</Interpolate><Locator.CLSID Locator="Review">{D9052385-AB46-11d2-AADA-00C04FA379E3}</Locator.CLSID><Locator.FactoryCLSID Locator="Review">{68F5E953-06FF-11d3-AAFD-00C04FA379E3}</Locator.FactoryCLSID><Locator.FactoryLibrary Locator="Review">mtchloc</Locator.FactoryLibrary><Locator.Library Locator="Review">mtchloc</Locator.Library><LocatorWorkspaceString Locator="Review">ProgID = esriDataSourcesGDB.FileGDBWorkspaceFactory.1; Conn = (DATABASE=..\PCA.gdb)</LocatorWorkspaceString><MatchIfScoresTie Locator="Review">True</MatchIfScoresTie><MinimumCandidateScore Locator="Review">10</MinimumCandidateScore><MinimumMatchScore Locator="Review">61</MinimumMatchScore><MKeyAlias.HN Locator="Review">HouseNum</MKeyAlias.HN><MKeyAlias.PD Locator="Review">PreDir</MKeyAlias.PD><MKeyAlias.PT Locator="Review">PreType</MKeyAlias.PT><MKeyAlias.SD Locator="Review">SufDir</MKeyAlias.SD><MKeyAlias.SN Locator="Review">StreetName</MKeyAlias.SN><MKeyAlias.ST Locator="Review">SufType</MKeyAlias.ST><MKeyField Locator="Review">XX</MKeyField><Query.CLSID Locator="Review">{1845B140-FC3B-11d2-AAFA-00C04FA379E3}</Query.CLSID><Query.Library Locator="Review">mtchloc</Query.Library><RD.Func Locator="Review">SDEX,mtchloc,SX,""</RD.Func><RD.Func Locator="Review">SpellSens,mtchloc,SpellSens,""</RD.Func><RD.Func Locator="Review">RoundHN,mtchloc,RoundHN,""</RD.Func><RD.IdxTable Locator="Review">IdxTable1,"IndexTable for Primary table"</RD.IdxTable><RD.IdxTable1.IdxColumn Locator="Review">XID,"Soundex foreign key column",Y,$Table1.ID</RD.IdxTable1.IdxColumn><RD.IdxTable1.IdxColumn Locator="Review">Sx,"Soundex code column",Y,@SDEX($Table1.StreetName)</RD.IdxTable1.IdxColumn><RD.IdxTable1.IdxColumn Locator="Review">RoundHN,"Rounded House number column",Y,@RoundHN($Table1.HouseNum)</RD.IdxTable1.IdxColumn><RD.IdxTable1.Prefix Locator="Review">GC_SS</RD.IdxTable1.Prefix><RD.LocatorIndex Locator="Review">Lox1</RD.LocatorIndex><RD.Lox1.Restrict Locator="Review">$Table1.StreetName &lt;&gt; 'UNNAMED STREET' AND $Table1.StreetName &lt;&gt; 'UNNAMED' AND $Table1.StreetName &lt;&gt; '' AND $Table1.StreetName &lt;&gt; ' '</RD.Lox1.Restrict><RD.Lox1.SortBy Locator="Review">$IdxTable1.Sx</RD.Lox1.SortBy><RD.Lox1.SortBy Locator="Review">$Table1.StreetName</RD.Lox1.SortBy><RD.Lox1.SortBy Locator="Review">$Table1.PreType,$Table1.PreDir,$Table1.SufDir,$Table1.StreetType</RD.Lox1.SortBy><RD.Lox1.SortBy Locator="Review">$IdxTable1.RoundHN</RD.Lox1.SortBy><RD.Lox1.SubtreeSplit Locator="Review">0</RD.Lox1.SubtreeSplit><RD.Lox1.Tail Locator="Review">$Table1.HouseNum,$Table1.ID,$Table1.Shape</RD.Lox1.Tail><RD.Query Locator="Review">Query1,"Main query"</RD.Query><RD.Query1.FallbackWhere Locator="Review">SN, $IdxTable1.Sx = '@SDEX(%SN%)'</RD.Query1.FallbackWhere><RD.Query1.Filter Locator="Review">@SpellSens(%SN%, $Table1.StreetName)</RD.Query1.Filter><RD.Query1.InvariantWhere Locator="Review">: AND $Table1.ID = $IdxTable1.XID:</RD.Query1.InvariantWhere><RD.Query1.Lox Locator="Review">Lox1</RD.Query1.Lox><RD.Query1.MF Locator="Review">HouseNum,Table1.HouseNum</RD.Query1.MF><RD.Query1.MF Locator="Review">PreDir,Table1.PreDir</RD.Query1.MF><RD.Query1.MF Locator="Review">PreType,Table1.PreType</RD.Query1.MF><RD.Query1.MF Locator="Review">StreetName,Table1.StreetName</RD.Query1.MF><RD.Query1.MF Locator="Review">StreetType,Table1.StreetType</RD.Query1.MF><RD.Query1.MF Locator="Review">SufDir,Table1.SufDir</RD.Query1.MF><RD.Query1.MF Locator="Review">Shape,Table1.Shape</RD.Query1.MF><RD.Query1.MF Locator="Review">ID,Table1.ID</RD.Query1.MF><RD.Query1.Where Locator="Review">$IdxTable1.Sx = '@SDEX(%SN%)' AND $IdxTable1.RoundHN = '@RoundHN(%HN%)'</RD.Query1.Where><RD.Table Locator="Review">Table1,"Primary table"</RD.Table><RD.Table1.Column Locator="Review">HouseNum,"House Number",N,TRUE</RD.Table1.Column><RD.Table1.Column Locator="Review">PreDir,"Prefix Direction",N,FALSE</RD.Table1.Column><RD.Table1.Column Locator="Review">PreType,"Prefix Type",N,FALSE</RD.Table1.Column><RD.Table1.Column Locator="Review">StreetName,"Street Name",N,TRUE</RD.Table1.Column><RD.Table1.Column Locator="Review">StreetType,"Street Type",N,FALSE</RD.Table1.Column><RD.Table1.Column Locator="Review">SufDir,"Suffix Direction",N,FALSE</RD.Table1.Column><RD.Table1.Column Locator="Review">ID,"Record ID for the Primary table",N,TRUE</RD.Table1.Column><RD.Table1.Column Locator="Review">Shape,"Shape column",N,TRUE</RD.Table1.Column><RD.Table1.Filter Locator="Review">esriCatalog.GxFilterFeatureClasses</RD.Table1.Filter><RD.Val.IdxTable1 Locator="Review">GC_SSx3</RD.Val.IdxTable1><RD.Val.IdxTable1.RoundHN Locator="Review">RHN</RD.Val.IdxTable1.RoundHN><RD.Val.IdxTable1.Sx Locator="Review">SX</RD.Val.IdxTable1.Sx><RD.Val.IdxTable1.XID Locator="Review">XID</RD.Val.IdxTable1.XID><RD.Val.Table1 Locator="Review">Philadelphiaparcels200901</RD.Val.Table1><RD.Val.Table1.HouseNum Locator="Review">HOUSE</RD.Val.Table1.HouseNum><RD.Val.Table1.ID Locator="Review">OBJECTID_1</RD.Val.Table1.ID><RD.Val.Table1.PreDir Locator="Review">STDIR</RD.Val.Table1.PreDir><RD.Val.Table1.PreType Locator="Review">::</RD.Val.Table1.PreType><RD.Val.Table1.Shape Locator="Review">Shape</RD.Val.Table1.Shape><RD.Val.Table1.StreetName Locator="Review">STNAM</RD.Val.Table1.StreetName><RD.Val.Table1.StreetType Locator="Review">STDES</RD.Val.Table1.StreetType><RD.Val.Table1.SufDir Locator="Review">STDESSUF</RD.Val.Table1.SufDir><RD.WorkspaceString Locator="Review">ProgID = esriDataSourcesGDB.FileGDBWorkspaceFactory.1; Conn = (DATABASE=.)</RD.WorkspaceString><RebuildStartTime Locator="Review">128884252023130000</RebuildStartTime><RebuildStartTimeAscii Locator="Review">2:06:42 PM</RebuildStartTimeAscii><SafeLocatorName Locator="Review">Parcel_Locator</SafeLocatorName><SpellingSensitivity Locator="Review">80</SpellingSensitivity><StoreStandardizedRefData Locator="Review">TRUE</StoreStandardizedRefData><SupportIntersections Locator="Review">FALSE</SupportIntersections><UICLSID Locator="Review">{AE5A3A0E-F756-11D2-9F4F-00C04F8ED1C4}</UICLSID><UseRelativePaths Locator="Review">True</UseRelativePaths><Version Locator="Review">9.3</Version><WriteReferenceIDField Locator="Review">False</WriteReferenceIDField><WriteStandardizedAddressField Locator="Review">False</WriteStandardizedAddressField><WriteXYCoordFields Locator="Review">False</WriteXYCoordFields><InTable Locator="Review">::</InTable><InKeyColumns Locator="Review">::</InKeyColumns><InColumns Locator="Review">ARC_Street</InColumns><OutTable Locator="Review">::</OutTable><OutKeyColumns Locator="Review">::</OutKeyColumns><OutColumns Locator="Review">Shape</OutColumns><OutColumns Locator="Review">Status</OutColumns><OutColumns Locator="Review">Score</OutColumns><OutColumns Locator="Review">Match_addr</OutColumns></RematchLocator><SyncDate>20140326</SyncDate><SyncTime>16031300</SyncTime><ModDate>20140326</ModDate><ModTime>16031300</ModTime><DataProperties><lineage><Process ToolSource="C:\Program Files\ArcGIS\ArcToolbox\Toolboxes\Data Management Tools.tbx\ApplySymbologyFromLayer" Date="20110617" Time="084655" Name="" export="">ApplySymbologyFromLayer older_adult_centers westoaklibrary older_adult_centers</Process><Process ToolSource="C:\Program Files\ArcGIS\ArcToolbox\Toolboxes\Data Management Tools.tbx\ApplySymbologyFromLayer" Date="20110617" Time="085712" Name="" export="">ApplySymbologyFromLayer older_adult_centers westoaklibrary older_adult_centers</Process><Process ToolSource="C:\Program Files\ArcGIS\Desktop10.0\ArcToolbox\Toolboxes\Data Management Tools.tbx\CalculateField" Date="20130727" Time="165138" Name="" export="">CalculateField older_adult_centers web "http://www.phila.gov/ParksandRecreation/placestogo/facilities/Pages/OlderAdultCenters.aspx" VB #</Process><Process ToolSource="C:\Program Files\ArcGIS\Desktop10.0\ArcToolbox\Toolboxes\Data Management Tools.tbx\CalculateField" Date="20130727" Time="165212" Name="" export="">CalculateField older_adult_centers web "http://www.phila.gov/ParksandRecreation/placestogo/facilities/Pages/OlderAdultCenters.aspx" VB #</Process><Process ToolSource="c:\program files\arcgis\desktop10.0\ArcToolbox\Toolboxes\Conversion Tools.tbx\FeatureClassToFeatureClass" Date="20130727" Time="173602" Name="" export="">FeatureClassToFeatureClass X:\GIS_DATA\Buildings\PPR_older_adult_centers_point.shp "Database Connections\GEODB2.sde" PPR_older_adult # "ARC_Street "ARC_Street" true true false 60 Text 0 0 ,First,#,X:\GIS_DATA\Buildings\PPR_older_adult_centers_point.shp,ARC_Street,-1,-1;Center "Center" true true false 254 Text 0 0 ,First,#,X:\GIS_DATA\Buildings\PPR_older_adult_centers_point.shp,Center,-1,-1;Address "Address" true true false 254 Text 0 0 ,First,#,X:\GIS_DATA\Buildings\PPR_older_adult_centers_point.shp,Address,-1,-1;City "City" true true false 254 Text 0 0 ,First,#,X:\GIS_DATA\Buildings\PPR_older_adult_centers_point.shp,City,-1,-1;State "State" true true false 254 Text 0 0 ,First,#,X:\GIS_DATA\Buildings\PPR_older_adult_centers_point.shp,State,-1,-1;ZipCode "ZipCode" true true false 16 Double 6 15 ,First,#,X:\GIS_DATA\Buildings\PPR_older_adult_centers_point.shp,ZipCode,-1,-1;Type "Type" true true false 254 Text 0 0 ,First,#,X:\GIS_DATA\Buildings\PPR_older_adult_centers_point.shp,Type,-1,-1;Phone "Phone" true true false 254 Text 0 0 ,First,#,X:\GIS_DATA\Buildings\PPR_older_adult_centers_point.shp,Phone,-1,-1;web "web" true true false 100 Text 0 0 ,First,#,X:\GIS_DATA\Buildings\PPR_older_adult_centers_point.shp,web,-1,-1;Site "Site" true true false 50 Text 0 0 ,First,#,X:\GIS_DATA\Buildings\PPR_older_adult_centers_point.shp,Site,-1,-1" #</Process><Process ToolSource="c:\program files\arcgis\desktop10.1\ArcToolbox\Toolboxes\Data Management Tools.tbx\CopyFeatures" Date="20140326" Time="160313">CopyFeatures temp_layer X:\GIS_DATA\ParksDept-geodata\Older_Adult_Centers_point\shapefile\temp\Older_Adult_Centers_point.shp # 0 0 0</Process><Process ToolSource="c:\program files\arcgis\desktop10.1\ArcToolbox\Toolboxes\Data Management Tools.tbx\Project" Date="20140326" Time="160315">Project X:\GIS_DATA\ParksDept-geodata\Older_Adult_Centers_point\shapefile\temp\Older_Adult_Centers_point.shp X:\GIS_DATA\ParksDept-geodata\Older_Adult_Centers_point\shapefile\Older_Adult_Centers_point.shp GEOGCS['GCS_WGS_1984',DATUM['D_WGS_1984',SPHEROID['WGS_1984',6378137.0,298.257223563]],PRIMEM['Greenwich',0.0],UNIT['Degree',0.0174532925199433],METADATA['World',-180.0,-90.0,180.0,90.0,0.0,0.0174532925199433,0.0,1262]] WGS_1984_(ITRF00)_To_NAD_1983 PROJCS['NAD_1983_StatePlane_Pennsylvania_South_FIPS_3702_Feet',GEOGCS['GCS_North_American_1983',DATUM['D_North_American_1983',SPHEROID['GRS_1980',6378137.0,298.257222101]],PRIMEM['Greenwich',0.0],UNIT['Degree',0.0174532925199433]],PROJECTION['Lambert_Conformal_Conic'],PARAMETER['False_Easting',1968500.0],PARAMETER['False_Northing',0.0],PARAMETER['Central_Meridian',-77.75],PARAMETER['Standard_Parallel_1',39.93333333333333],PARAMETER['Standard_Parallel_2',40.96666666666667],PARAMETER['Latitude_Of_Origin',39.33333333333334],UNIT['Foot_US',0.3048006096012192]]</Process></lineage><itemProps><imsContentType>002</imsContentType><itemName Sync="TRUE">Older_Adult_Centers_point</itemName><itemLocation><linkage Sync="TRUE">file://\\FPCADDC1\GIS Home\GIS_DATA\ParksDept-geodata\Older_Adult_Centers_point\shapefile\temp\Older_Adult_Centers_point.shp</linkage><protocol Sync="TRUE">Local Area Network</protocol></itemLocation><nativeExtBox><westBL Sync="TRUE">2691297.219358</westBL><eastBL Sync="TRUE">2720595.595800</eastBL><southBL Sync="TRUE">228510.132799</southBL><northBL Sync="TRUE">276970.640864</northBL><exTypeCode Sync="TRUE">1</exTypeCode></nativeExtBox><itemSize Sync="TRUE">0.000</itemSize></itemProps><coordRef><type Sync="TRUE">Projected</type><geogcsn Sync="TRUE">GCS_North_American_1983</geogcsn><csUnits Sync="TRUE">Linear Unit: Foot_US (0.304801)</csUnits><projcsn Sync="TRUE">NAD_1983_StatePlane_Pennsylvania_South_FIPS_3702_Feet</projcsn><peXml Sync="TRUE">&lt;ProjectedCoordinateSystem xsi:type='typens:ProjectedCoordinateSystem' xmlns:xsi='http://www.w3.org/2001/XMLSchema-instance' xmlns:xs='http://www.w3.org/2001/XMLSchema' xmlns:typens='http://www.esri.com/schemas/ArcGIS/10.1'&gt;&lt;WKT&gt;PROJCS[&amp;quot;NAD_1983_StatePlane_Pennsylvania_South_FIPS_3702_Feet&amp;quot;,GEOGCS[&amp;quot;GCS_North_American_1983&amp;quot;,DATUM[&amp;quot;D_North_American_1983&amp;quot;,SPHEROID[&amp;quot;GRS_1980&amp;quot;,6378137.0,298.257222101]],PRIMEM[&amp;quot;Greenwich&amp;quot;,0.0],UNIT[&amp;quot;Degree&amp;quot;,0.0174532925199433]],PROJECTION[&amp;quot;Lambert_Conformal_Conic&amp;quot;],PARAMETER[&amp;quot;False_Easting&amp;quot;,1968500.0],PARAMETER[&amp;quot;False_Northing&amp;quot;,0.0],PARAMETER[&amp;quot;Central_Meridian&amp;quot;,-77.75],PARAMETER[&amp;quot;Standard_Parallel_1&amp;quot;,39.93333333333333],PARAMETER[&amp;quot;Standard_Parallel_2&amp;quot;,40.96666666666667],PARAMETER[&amp;quot;Latitude_Of_Origin&amp;quot;,39.33333333333334],UNIT[&amp;quot;Foot_US&amp;quot;,0.3048006096012192],AUTHORITY[&amp;quot;EPSG&amp;quot;,2272]]&lt;/WKT&gt;&lt;XOrigin&gt;-119214200&lt;/XOrigin&gt;&lt;YOrigin&gt;-96198500&lt;/YOrigin&gt;&lt;XYScale&gt;37163717.489134133&lt;/XYScale&gt;&lt;ZOrigin&gt;-100000&lt;/ZOrigin&gt;&lt;ZScale&gt;10000&lt;/ZScale&gt;&lt;MOrigin&gt;-100000&lt;/MOrigin&gt;&lt;MScale&gt;10000&lt;/MScale&gt;&lt;XYTolerance&gt;0.0032808333333333331&lt;/XYTolerance&gt;&lt;ZTolerance&gt;0.001&lt;/ZTolerance&gt;&lt;MTolerance&gt;0.001&lt;/MTolerance&gt;&lt;HighPrecision&gt;true&lt;/HighPrecision&gt;&lt;WKID&gt;102729&lt;/WKID&gt;&lt;LatestWKID&gt;2272&lt;/LatestWKID&gt;&lt;/ProjectedCoordinateSystem&gt;</peXml></coordRef></DataProperties><ArcGISProfile>ItemDescription</ArcGISProfile><ArcGISFormat>1.0</ArcGISFormat></Esri><idinfo><citation><citeinfo><onlink Sync="TRUE">\\FPCADDC1\GIS Home\GIS_DATA\Buildings\older_adult_centers.shp</onlink><origin>REQUIRED: The name of an organization or individual that developed the data set.</origin><pubdate>REQUIRED: The date when the data set is published or otherwise made available for release.</pubdate><title Sync="TRUE">older_adult_centers</title><ftname Sync="TRUE">older_adult_centers</ftname><geoform Sync="TRUE">vector digital data</geoform></citeinfo></citation><native Sync="TRUE">Microsoft Windows XP Version 5.1 (Build 2600) Service Pack 3; ESRI ArcCatalog 9.3.1.4000</native><descript><langdata Sync="TRUE">en</langdata><abstract>Created 04/2011. Centers are those listed on Rec website / staffed by Rec staff. Point locations are from PCA's SeniorCenters2010 layer.</abstract><purpose>To show locations of Older Adult Centers in PPR buildings and staffed by PPR employees.</purpose></descript><timeperd><current>REQUIRED: The basis on which the time period of content information is determined.</current><timeinfo><sngdate><caldate>REQUIRED: The year (and optionally month, or month and day) for which the data set corresponds to the ground.</caldate></sngdate></timeinfo></timeperd><status><progress>REQUIRED: The state of the data set.</progress><update>REQUIRED: The frequency with which changes and additions are made to the data set after the initial data set is completed.</update></status><spdom><bounding><westbc Sync="TRUE">-75.171798</westbc><eastbc Sync="TRUE">-75.062670</eastbc><northbc Sync="TRUE">40.064617</northbc><southbc Sync="TRUE">39.929071</southbc></bounding><lboundng><leftbc Sync="TRUE">2691436.108188</leftbc><rightbc Sync="TRUE">2720577.149643</rightbc><bottombc Sync="TRUE">228440.688259</bottombc><topbc Sync="TRUE">276970.640864</topbc></lboundng></spdom><keywords><theme><themekt>REQUIRED: Reference to a formally registered thesaurus or a similar authoritative source of theme keywords.</themekt><themekey>REQUIRED: Common-use word or phrase used to describe the subject of the data set.</themekey></theme></keywords><accconst>REQUIRED: Restrictions and legal prerequisites for accessing the data set.</accconst><useconst>REQUIRED: Restrictions and legal prerequisites for using the data set after access is granted.</useconst><natvform Sync="TRUE">Shapefile</natvform></idinfo><distInfo><distributor><distorTran><onLineSrc><linkage Sync="TRUE">file://\\FPCADDC1\GIS Home\GIS_DATA\Buildings\older_adult_centers.shp</linkage><protocol Sync="TRUE">Local Area Network</protocol><orDesc Sync="TRUE">002</orDesc></onLineSrc><transSize Sync="TRUE">0.000</transSize></distorTran><distorFormat><formatName Sync="TRUE">Shapefile</formatName></distorFormat></distributor><distFormat><formatName Sync="TRUE">Shapefile</formatName></distFormat><distTranOps><transSize Sync="TRUE">0.000</transSize></distTranOps></distInfo><dataqual><lineage><procstep><procdesc Sync="TRUE">Dataset copied.</procdesc><procdate Sync="TRUE">20110419</procdate><proctime Sync="TRUE">16311000</proctime></procstep></lineage></dataqual><dataIdInfo><envirDesc Sync="TRUE">Microsoft Windows 7 Version 6.1 (Build 7601) Service Pack 1; Esri ArcGIS 10.1.1.3143</envirDesc><dataLang><languageCode Sync="TRUE" value="eng"/><countryCode value="USA" Sync="TRUE"/></dataLang><idCitation><resTitle Sync="FALSE">Older Adult Centers</resTitle><presForm><PresFormCd Sync="TRUE" value="005"/></presForm></idCitation><spatRpType><SpatRepTypCd Sync="TRUE" value="001"/></spatRpType><dataExt><geoEle><GeoBndBox esriExtentType="native"><westBL Sync="TRUE">2691436.108188</westBL><eastBL Sync="TRUE">2720577.149643</eastBL><northBL Sync="TRUE">276970.640864</northBL><southBL Sync="TRUE">228440.688259</southBL><exTypeCode Sync="TRUE">1</exTypeCode></GeoBndBox></geoEle></dataExt><dataExt><geoEle><GeoBndBox esriExtentType="search"><westBL Sync="TRUE">-75.172286</westBL><eastBL Sync="TRUE">-75.062604</eastBL><northBL Sync="TRUE">40.064628</northBL><southBL Sync="TRUE">39.929260</southBL><exTypeCode Sync="TRUE">1</exTypeCode></GeoBndBox></geoEle></dataExt><geoBox esriExtentType="decdegrees"><westBL Sync="TRUE">-75.171798</westBL><eastBL Sync="TRUE">-75.06267</eastBL><northBL Sync="TRUE">40.064617</northBL><southBL Sync="TRUE">39.929071</southBL><exTypeCode Sync="TRUE">1</exTypeCode></geoBox><idPurp>Locations of Older Adult Centers in PPR buildings and/or staffed by PPR employees.
Features updated: 07/27/2013
Attributes updates: 07/27/2013
Metadata updated: 07/27/2013
Update frequency: as needed</idPurp><idAbs>&lt;DIV STYLE="text-align:Left;"&gt;&lt;DIV&gt;&lt;DIV&gt;&lt;P&gt;&lt;SPAN&gt;Points indicating the locations of Older Adult Centers in PPR buildings and/or staffed by PPR employees. Some of the centers are located within facilities that are also Recreation Centers.&lt;/SPAN&gt;&lt;/P&gt;&lt;P&gt;&lt;SPAN&gt;DATA DEVELOPMENT:&lt;/SPAN&gt;&lt;/P&gt;&lt;P&gt;&lt;SPAN&gt;Point data was derived by geocoding addresses gathered from Philadelphia Parks &amp;amp; Recreation staff.&lt;/SPAN&gt;&lt;/P&gt;&lt;P&gt;&lt;SPAN&gt;KEY ATTRIBUTE FIELDS:&lt;/SPAN&gt;&lt;/P&gt;&lt;P&gt;&lt;SPAN&gt;Center: Name of feature&lt;/SPAN&gt;&lt;/P&gt;&lt;P&gt;&lt;SPAN&gt;Address: Address of feature&lt;/SPAN&gt;&lt;/P&gt;&lt;P&gt;&lt;SPAN&gt;Type: Type of Older Adult Center&lt;/SPAN&gt;&lt;/P&gt;&lt;P&gt;&lt;SPAN&gt;Phone: Phone number of center&lt;/SPAN&gt;&lt;/P&gt;&lt;P&gt;&lt;SPAN&gt;Web: url wherre more info can be found&lt;/SPAN&gt;&lt;/P&gt;&lt;P&gt;&lt;SPAN&gt;Site: PPR site name of location where center is&lt;/SPAN&gt;&lt;/P&gt;&lt;P&gt;&lt;SPAN&gt;COORDINATE SYSTEM:&lt;/SPAN&gt;&lt;/P&gt;&lt;P STYLE="margin:0 0 0 0;"&gt;&lt;SPAN&gt;&lt;SPAN&gt;Lambert Conformal Conic, NAD83, PA South Stateplane coordinates, US Foot.&lt;/SPAN&gt;&lt;/SPAN&gt;&lt;/P&gt;&lt;P STYLE="margin:0 0 0 0;"&gt;&lt;SPAN /&gt;&lt;SPAN /&gt;&lt;/P&gt;&lt;P&gt;&lt;SPAN&gt;THEMATIC MAPPING&lt;/SPAN&gt;&lt;/P&gt;&lt;P&gt;&lt;SPAN&gt;Use the CENTER field for thematic mapping and labeling&lt;/SPAN&gt;&lt;/P&gt;&lt;/DIV&gt;&lt;/DIV&gt;&lt;/DIV&gt;</idAbs><resConst><Consts><useLimit>&lt;DIV STYLE="text-align:Left;"&gt;&lt;DIV&gt;&lt;DIV&gt;&lt;P&gt;&lt;SPAN&gt;The City of Philadelphia makes no representation about the accuracy of any specific information in this GIS data and is provided “as is” and without Warranty of any kind. The user of this data will assume complete responsibility for any and all occurrences resulting from its use or display and will hold the City of Philadelphia harmless from any and all claims, demands, liabilities, obligations, damages, suits, judgments or settlements, including reasonable costs and attorneys' fees, that arise from use of this data.&lt;/SPAN&gt;&lt;/P&gt;&lt;/DIV&gt;&lt;/DIV&gt;&lt;/DIV&gt;</useLimit></Consts></resConst><searchKeys><keyword>City of Philadelphia</keyword><keyword>Philadelphia Parks &amp; Recreation</keyword><keyword>Older Adult</keyword><keyword>Senior</keyword></searchKeys><idCredit>Philadelphia Parks &amp; Recreation Nora Dougherty, Geospatial Analyst 1515 Arch Street, 10th Floor, Philadelphia, PA 19102-1587 

</idCredit></dataIdInfo><metainfo><langmeta Sync="TRUE">en</langmeta><metstdn Sync="TRUE">FGDC Content Standards for Digital Geospatial Metadata</metstdn><metstdv Sync="TRUE">FGDC-STD-001-1998</metstdv><mettc Sync="TRUE">local time</mettc><metc><cntinfo><cntorgp><cntper>REQUIRED: The person responsible for the metadata information.</cntper><cntorg>REQUIRED: The organization responsible for the metadata information.</cntorg></cntorgp><cntaddr><addrtype>REQUIRED: The mailing and/or physical address for the organization or individual.</addrtype><city>REQUIRED: The city of the address.</city><state>REQUIRED: The state or province of the address.</state><postal>REQUIRED: The ZIP or other postal code of the address.</postal></cntaddr><cntvoice>REQUIRED: The telephone number by which individuals can speak to the organization or individual.</cntvoice></cntinfo></metc><metd Sync="TRUE">20110706</metd></metainfo><mdLang><languageCode Sync="TRUE" value="eng"/><countryCode value="USA" Sync="TRUE"/></mdLang><mdChar><CharSetCd Sync="TRUE" value="004"/></mdChar><mdHrLv><ScopeCd Sync="TRUE" value="005"/></mdHrLv><mdHrLvName Sync="TRUE">dataset</mdHrLvName><distinfo><resdesc Sync="TRUE">Downloadable Data</resdesc><stdorder><digform><digtinfo><transize Sync="TRUE">0.000</transize><dssize Sync="TRUE">0.000</dssize></digtinfo></digform></stdorder></distinfo><spdoinfo><direct Sync="TRUE">Vector</direct><ptvctinf><esriterm Name="Older_Adult_Centers_point"><efeatyp Sync="TRUE">Simple</efeatyp><efeageom code="1" Sync="TRUE"></efeageom><esritopo Sync="TRUE">FALSE</esritopo><efeacnt Sync="TRUE">0</efeacnt><spindex Sync="TRUE">FALSE</spindex><linrefer Sync="TRUE">FALSE</linrefer></esriterm></ptvctinf></spdoinfo><spref><horizsys><cordsysn><geogcsn Sync="TRUE">GCS_North_American_1983</geogcsn><projcsn Sync="TRUE">NAD_1983_StatePlane_Pennsylvania_South_FIPS_3702_Feet</projcsn></cordsysn><planar><planci><plance Sync="TRUE">coordinate pair</plance><plandu Sync="TRUE">survey feet</plandu><coordrep><absres Sync="TRUE">0.000000</absres><ordres Sync="TRUE">0.000000</ordres></coordrep></planci></planar><geodetic><horizdn Sync="TRUE">North American Datum of 1983</horizdn><ellips Sync="TRUE">Geodetic Reference System 80</ellips><semiaxis Sync="TRUE">6378137.000000</semiaxis><denflat Sync="TRUE">298.257222</denflat></geodetic></horizsys></spref><refSysInfo><RefSystem><refSysID><identCode Sync="TRUE" value="2272" code="2272">NAD_1983_StatePlane_Pennsylvania_South_FIPS_3702_Feet</identCode><idCodeSpace Sync="TRUE">EPSG</idCodeSpace><idVersion Sync="TRUE">7.11.2</idVersion></refSysID></RefSystem></refSysInfo><spatRepInfo><VectSpatRep><geometObjs Name="Older_Adult_Centers_point"><geoObjTyp><GeoObjTypCd value="004" Sync="TRUE"></GeoObjTypCd></geoObjTyp><geoObjCnt Sync="TRUE">0</geoObjCnt></geometObjs><topLvl><TopoLevCd value="001" Sync="TRUE"></TopoLevCd></topLvl></VectSpatRep></spatRepInfo><eainfo><detailed Name="Older_Adult_Centers_point"><enttyp><enttypl Sync="TRUE">Older_Adult_Centers_point</enttypl><enttypt Sync="TRUE">Feature Class</enttypt><enttypc Sync="TRUE">0</enttypc></enttyp><attr><attrlabl Sync="TRUE">FID</attrlabl><attalias Sync="TRUE">FID</attalias><attrtype Sync="TRUE">OID</attrtype><attwidth Sync="TRUE">4</attwidth><atprecis Sync="TRUE">0</atprecis><attscale Sync="TRUE">0</attscale><attrdef Sync="TRUE">Internal feature number.</attrdef><attrdefs Sync="TRUE">Esri</attrdefs><attrdomv><udom Sync="TRUE">Sequential unique whole numbers that are automatically generated.</udom></attrdomv></attr><attr><attrlabl Sync="TRUE">Shape</attrlabl><attalias Sync="TRUE">Shape</attalias><attrtype Sync="TRUE">Geometry</attrtype><attwidth Sync="TRUE">0</attwidth><atprecis Sync="TRUE">0</atprecis><attscale Sync="TRUE">0</attscale><attrdef Sync="TRUE">Feature geometry.</attrdef><attrdefs Sync="TRUE">ESRI</attrdefs><attrdomv><udom Sync="TRUE">Coordinates defining the features.</udom></attrdomv></attr><attr><attrlabl Sync="TRUE">ARC_Street</attrlabl><attalias Sync="TRUE">ARC_STREET</attalias><attrtype Sync="TRUE">String</attrtype><attwidth Sync="TRUE">60</attwidth><atprecis Sync="TRUE">0</atprecis><attscale Sync="TRUE">0</attscale></attr><attr><attrlabl Sync="TRUE">Center</attrlabl><attalias Sync="TRUE">CENTER</attalias><attrtype Sync="TRUE">String</attrtype><attwidth Sync="TRUE">254</attwidth><atprecis Sync="TRUE">0</atprecis><attscale Sync="TRUE">0</attscale></attr><attr><attrlabl Sync="TRUE">Address</attrlabl><attalias Sync="TRUE">ADDRESS</attalias><attrtype Sync="TRUE">String</attrtype><attwidth Sync="TRUE">254</attwidth><atprecis Sync="TRUE">0</atprecis><attscale Sync="TRUE">0</attscale></attr><attr><attrlabl Sync="TRUE">City</attrlabl><attalias Sync="TRUE">CITY</attalias><attrtype Sync="TRUE">String</attrtype><attwidth Sync="TRUE">254</attwidth><atprecis Sync="TRUE">0</atprecis><attscale Sync="TRUE">0</attscale></attr><attr><attrlabl Sync="TRUE">State</attrlabl><attalias Sync="TRUE">STATE</attalias><attrtype Sync="TRUE">String</attrtype><attwidth Sync="TRUE">254</attwidth><atprecis Sync="TRUE">0</atprecis><attscale Sync="TRUE">0</attscale></attr><attr><attrlabl Sync="TRUE">ZipCode</attrlabl><attalias Sync="TRUE">ZIPCODE</attalias><attrtype Sync="TRUE">Double</attrtype><attwidth Sync="TRUE">16</attwidth><atprecis Sync="TRUE">15</atprecis><attscale Sync="TRUE">6</attscale></attr><attr><attrlabl Sync="TRUE">Type</attrlabl><attalias Sync="TRUE">TYPE</attalias><attrtype Sync="TRUE">String</attrtype><attwidth Sync="TRUE">254</attwidth><atprecis Sync="TRUE">0</atprecis><attscale Sync="TRUE">0</attscale></attr><attr><attrlabl Sync="TRUE">WEB</attrlabl><attalias Sync="TRUE">WEB</attalias><attrtype Sync="TRUE">String</attrtype><attwidth Sync="TRUE">100</attwidth><atprecis Sync="TRUE">0</atprecis><attscale Sync="TRUE">0</attscale></attr><attr><attrlabl Sync="TRUE">SITE</attrlabl><attalias Sync="TRUE">SITE</attalias><attrtype Sync="TRUE">String</attrtype><attwidth Sync="TRUE">50</attwidth><atprecis Sync="TRUE">0</atprecis><attscale Sync="TRUE">0</attscale></attr><attr><attrlabl Sync="TRUE">Phone</attrlabl><attalias Sync="TRUE">PHONE</attalias><attrtype Sync="TRUE">String</attrtype><attwidth Sync="TRUE">254</attwidth><atprecis Sync="TRUE">0</atprecis><attscale Sync="TRUE">0</attscale></attr></detailed></eainfo><mdDateSt Sync="TRUE">20140326</mdDateSt></metadata>
