<?xml version="1.0" encoding="UTF-8"?>
<metadata xml:lang="en"><Esri><CreaDate>20140326</CreaDate><CreaTime>14041900</CreaTime><ArcGISFormat>1.0</ArcGISFormat><SyncOnce>FALSE</SyncOnce><DataProperties><itemProps><itemName Sync="TRUE">PPR_Boundaries</itemName><imsContentType Sync="TRUE">002</imsContentType><itemLocation><linkage Sync="TRUE">file://\\FPCADDC1\GIS Home\GIS_DATA\ParksDept-geodata\shapefile\temp\PPR_Boundaries.shp</linkage><protocol Sync="TRUE">Local Area Network</protocol></itemLocation><itemSize Sync="TRUE">0.000</itemSize></itemProps><coordRef><type Sync="TRUE">Projected</type><geogcsn Sync="TRUE">GCS_North_American_1983</geogcsn><csUnits Sync="TRUE">Linear Unit: Foot_US (0.304801)</csUnits><projcsn Sync="TRUE">NAD_1983_StatePlane_Pennsylvania_South_FIPS_3702_Feet</projcsn><peXml Sync="TRUE">&lt;ProjectedCoordinateSystem xsi:type='typens:ProjectedCoordinateSystem' xmlns:xsi='http://www.w3.org/2001/XMLSchema-instance' xmlns:xs='http://www.w3.org/2001/XMLSchema' xmlns:typens='http://www.esri.com/schemas/ArcGIS/10.1'&gt;&lt;WKT&gt;PROJCS[&amp;quot;NAD_1983_StatePlane_Pennsylvania_South_FIPS_3702_Feet&amp;quot;,GEOGCS[&amp;quot;GCS_North_American_1983&amp;quot;,DATUM[&amp;quot;D_North_American_1983&amp;quot;,SPHEROID[&amp;quot;GRS_1980&amp;quot;,6378137.0,298.257222101]],PRIMEM[&amp;quot;Greenwich&amp;quot;,0.0],UNIT[&amp;quot;Degree&amp;quot;,0.0174532925199433]],PROJECTION[&amp;quot;Lambert_Conformal_Conic&amp;quot;],PARAMETER[&amp;quot;False_Easting&amp;quot;,1968500.0],PARAMETER[&amp;quot;False_Northing&amp;quot;,0.0],PARAMETER[&amp;quot;Central_Meridian&amp;quot;,-77.75],PARAMETER[&amp;quot;Standard_Parallel_1&amp;quot;,39.93333333333333],PARAMETER[&amp;quot;Standard_Parallel_2&amp;quot;,40.96666666666667],PARAMETER[&amp;quot;Latitude_Of_Origin&amp;quot;,39.33333333333334],UNIT[&amp;quot;Foot_US&amp;quot;,0.3048006096012192],AUTHORITY[&amp;quot;EPSG&amp;quot;,2272]]&lt;/WKT&gt;&lt;XOrigin&gt;-119214200&lt;/XOrigin&gt;&lt;YOrigin&gt;-96198500&lt;/YOrigin&gt;&lt;XYScale&gt;37163717.489134133&lt;/XYScale&gt;&lt;ZOrigin&gt;-100000&lt;/ZOrigin&gt;&lt;ZScale&gt;10000&lt;/ZScale&gt;&lt;MOrigin&gt;-100000&lt;/MOrigin&gt;&lt;MScale&gt;10000&lt;/MScale&gt;&lt;XYTolerance&gt;0.0032808333333333331&lt;/XYTolerance&gt;&lt;ZTolerance&gt;0.001&lt;/ZTolerance&gt;&lt;MTolerance&gt;0.001&lt;/MTolerance&gt;&lt;HighPrecision&gt;true&lt;/HighPrecision&gt;&lt;WKID&gt;102729&lt;/WKID&gt;&lt;LatestWKID&gt;2272&lt;/LatestWKID&gt;&lt;/ProjectedCoordinateSystem&gt;</peXml></coordRef><lineage><Process ToolSource="c:\program files\arcgis\desktop10.0\ArcToolbox\Toolboxes\Conversion Tools.tbx\FeatureClassToFeatureClass" Date="20120201" Time="084545" Name="" export="">FeatureClassToFeatureClass "X:\GIS_DATA\Base_Maps\Working Park Boundary\spj3_reorder.shp" X:\GIS_DATA\Base_Maps\Boundaries.gdb\Park_boundaries PPR_boundaries # "NAME "NAME" true true false 100 Text 0 0 ,First,#,X:\GIS_DATA\Base_Maps\Working Park Boundary\spj3_reorder.shp,NAME,-1,-1;Acres "Acres" true true false 19 Double 0 0 ,First,#,X:\GIS_DATA\Base_Maps\Working Park Boundary\spj3_reorder.shp,Acres,-1,-1;District "District" true true false 9 Long 0 9 ,First,#,X:\GIS_DATA\Base_Maps\Working Park Boundary\spj3_reorder.shp,District,-1,-1;ADDRESS "ADDRESS" true true false 50 Text 0 0 ,First,#,X:\GIS_DATA\Base_Maps\Working Park Boundary\spj3_reorder.shp,ADDRESS,-1,-1;PARK "PARK" true true false 50 Text 0 0 ,First,#,X:\GIS_DATA\Base_Maps\Working Park Boundary\spj3_reorder.shp,PARK,-1,-1;CLASS "CLASS" true true false 20 Text 0 0 ,First,#,X:\GIS_DATA\Base_Maps\Working Park Boundary\spj3_reorder.shp,CLASS,-1,-1;CHRONOLOGY "CHRONOLOGY" true true false 12 Text 0 0 ,First,#,X:\GIS_DATA\Base_Maps\Working Park Boundary\spj3_reorder.shp,CHRONOLOGY,-1,-1;ZIPCODE "ZIPCODE" true true false 5 Text 0 0 ,First,#,X:\GIS_DATA\Base_Maps\Working Park Boundary\spj3_reorder.shp,ZIPCODE,-1,-1;CAP_CODE "CAP_CODE" true true false 5 Text 0 0 ,First,#,X:\GIS_DATA\Base_Maps\Working Park Boundary\spj3_reorder.shp,CAP_CODE,-1,-1;SITE_NAME "SITE_NAME" true true false 44 Text 0 0 ,First,#,X:\GIS_DATA\Base_Maps\Working Park Boundary\spj3_reorder.shp,SITE_NAME,-1,-1;big_grid "big_grid" true true false 5 Text 0 0 ,First,#,X:\GIS_DATA\Base_Maps\Working Park Boundary\spj3_reorder.shp,big_grid,-1,-1;N_S_grid "N_S_grid" true true false 50 Text 0 0 ,First,#,X:\GIS_DATA\Base_Maps\Working Park Boundary\spj3_reorder.shp,N_S_grid,-1,-1;Unqu_ID "Unqu_ID" true true false 19 Double 0 0 ,First,#,X:\GIS_DATA\Base_Maps\Working Park Boundary\spj3_reorder.shp,Unqu_ID,-1,-1;Modifier "Modifier" true true false 50 Text 0 0 ,First,#,X:\GIS_DATA\Base_Maps\Working Park Boundary\spj3_reorder.shp,Modifier,-1,-1;Region "Region" true true false 9 Long 0 9 ,First,#,X:\GIS_DATA\Base_Maps\Working Park Boundary\spj3_reorder.shp,Region,-1,-1;CounclDist "CounclDist" true true false 254 Text 0 0 ,First,#,X:\GIS_DATA\Base_Maps\Working Park Boundary\spj3_reorder.shp,CounclDist,-1,-1;Shape_Leng "Shape_Leng" true true false 19 Double 0 0 ,First,#,X:\GIS_DATA\Base_Maps\Working Park Boundary\spj3_reorder.shp,Shape_Leng,-1,-1;Shape_Area "Shape_Area" true true false 19 Double 0 0 ,First,#,X:\GIS_DATA\Base_Maps\Working Park Boundary\spj3_reorder.shp,Shape_Area,-1,-1;Play_Equip "Play_Equip" true true false 4 Short 0 4 ,First,#,X:\GIS_DATA\Base_Maps\Working Park Boundary\spj3_reorder.shp,Play_Equip,-1,-1;dist_old "dist_old" true true false 9 Long 0 9 ,First,#,X:\GIS_DATA\Base_Maps\Working Park Boundary\spj3_reorder.shp,dist_old,-1,-1;ET_ID "ET_ID" true true false 9 Long 0 9 ,First,#,X:\GIS_DATA\Base_Maps\Working Park Boundary\spj3_reorder.shp,ET_ID,-1,-1" #</Process><Process ToolSource="C:\Program Files\ArcGIS\Desktop10.0\ArcToolbox\Toolboxes\Data Management Tools.tbx\CalculateField" Date="20120517" Time="162703">CalculateField PPR_boundaries PARK [NAME] VB #</Process><Process ToolSource="c:\program files\arcgis\desktop10.0\ArcToolbox\Toolboxes\Conversion Tools.tbx\FeatureClassToFeatureClass" Date="20120702" Time="171733">FeatureClassToFeatureClass X:\GIS_DATA\Base_Maps\Boundaries.gdb\Park_boundaries\PPR_boundaries X:\GIS_DATA\Layers_delivered\geodb2 PPR_boundaries.shp # "NAME "NAME" true true false 100 Text 0 0 ,First,#,X:\GIS_DATA\Base_Maps\Boundaries.gdb\Park_boundaries\PPR_boundaries,NAME,-1,-1;Acres "Acres" true true false 8 Double 0 0 ,First,#,X:\GIS_DATA\Base_Maps\Boundaries.gdb\Park_boundaries\PPR_boundaries,Acres,-1,-1;District "District" true true false 4 Long 0 0 ,First,#,X:\GIS_DATA\Base_Maps\Boundaries.gdb\Park_boundaries\PPR_boundaries,District,-1,-1;ADDRESS "ADDRESS" true true false 50 Text 0 0 ,First,#,X:\GIS_DATA\Base_Maps\Boundaries.gdb\Park_boundaries\PPR_boundaries,ADDRESS,-1,-1;PARK "PARK" true true false 50 Text 0 0 ,First,#,X:\GIS_DATA\Base_Maps\Boundaries.gdb\Park_boundaries\PPR_boundaries,PARK,-1,-1;ZIPCODE "ZIPCODE" true true false 5 Text 0 0 ,First,#,X:\GIS_DATA\Base_Maps\Boundaries.gdb\Park_boundaries\PPR_boundaries,ZIPCODE,-1,-1" #</Process><Process ToolSource="c:\program files\arcgis\desktop10.0\ArcToolbox\Toolboxes\Conversion Tools.tbx\FeatureClassToFeatureClass" Date="20120702" Time="171854">FeatureClassToFeatureClass X:\GIS_DATA\Layers_delivered\geodb2\PPR_boundaries.shp "Database Connections\GEODB2.sde" PPR_boundaries # "NAME "NAME" true true false 100 Text 0 0 ,First,#,X:\GIS_DATA\Layers_delivered\geodb2\PPR_boundaries.shp,NAME,-1,-1;Acres "Acres" true true false 19 Double 0 0 ,First,#,X:\GIS_DATA\Layers_delivered\geodb2\PPR_boundaries.shp,Acres,-1,-1;District "District" true true false 9 Long 0 9 ,First,#,X:\GIS_DATA\Layers_delivered\geodb2\PPR_boundaries.shp,District,-1,-1;ADDRESS "ADDRESS" true true false 50 Text 0 0 ,First,#,X:\GIS_DATA\Layers_delivered\geodb2\PPR_boundaries.shp,ADDRESS,-1,-1;PARK "PARK" true true false 50 Text 0 0 ,First,#,X:\GIS_DATA\Layers_delivered\geodb2\PPR_boundaries.shp,PARK,-1,-1;ZIPCODE "ZIPCODE" true true false 5 Text 0 0 ,First,#,X:\GIS_DATA\Layers_delivered\geodb2\PPR_boundaries.shp,ZIPCODE,-1,-1" #</Process><Process ToolSource="C:\Program Files\ArcGIS\Desktop10.0\ArcToolbox\Toolboxes\Data Management Tools.tbx\ChangePrivileges" Date="20120702" Time="172123">ChangePrivileges 'Database Connections\GEODB2.sde\GIS_FPC.PPR_boundaries' GIS_ALL_USERS GRANT #</Process><Process ToolSource="C:\Program Files (x86)\ArcGIS\Desktop10.0\ArcToolbox\Toolboxes\Data Management Tools.tbx\ChangePrivileges" Date="20120711" Time="125217">ChangePrivileges 'Database Connections\geodb2.phila.gov_gis_fpc.sde\GIS_FPC.PPR_boundaries' gis_all_users GRANT #</Process><Process ToolSource="C:\Program Files\ArcGIS\Desktop10.0\ArcToolbox\Toolboxes\Data Management Tools.tbx\ChangePrivileges" Date="20120917" Time="161633">ChangePrivileges 'Database Connections\GEODB2.sde\GIS_FPC.PPR_boundaries' gis_all_users GRANT #</Process><Process ToolSource="c:\program files\arcgis\desktop10.1\ArcToolbox\Toolboxes\Data Management Tools.tbx\CopyFeatures" Date="20140326" Time="140418">CopyFeatures temp_layer X:\GIS_DATA\ParksDept-geodata\shapefile\temp\PPR_Boundaries.shp # 0 0 0</Process><Process ToolSource="c:\program files\arcgis\desktop10.1\ArcToolbox\Toolboxes\Data Management Tools.tbx\Project" Date="20140326" Time="140419">Project X:\GIS_DATA\ParksDept-geodata\shapefile\temp\PPR_Boundaries.shp X:\GIS_DATA\ParksDept-geodata\shapefile\PPR_Boundaries.shp GEOGCS['GCS_WGS_1984',DATUM['D_WGS_1984',SPHEROID['WGS_1984',6378137.0,298.257223563]],PRIMEM['Greenwich',0.0],UNIT['Degree',0.0174532925199433],METADATA['World',-180.0,-90.0,180.0,90.0,0.0,0.0174532925199433,0.0,1262]] WGS_1984_(ITRF00)_To_NAD_1983 PROJCS['NAD_1983_StatePlane_Pennsylvania_South_FIPS_3702_Feet',GEOGCS['GCS_North_American_1983',DATUM['D_North_American_1983',SPHEROID['GRS_1980',6378137.0,298.257222101]],PRIMEM['Greenwich',0.0],UNIT['Degree',0.0174532925199433]],PROJECTION['Lambert_Conformal_Conic'],PARAMETER['False_Easting',1968500.0],PARAMETER['False_Northing',0.0],PARAMETER['Central_Meridian',-77.75],PARAMETER['Standard_Parallel_1',39.93333333333333],PARAMETER['Standard_Parallel_2',40.96666666666667],PARAMETER['Latitude_Of_Origin',39.33333333333334],UNIT['Foot_US',0.3048006096012192]]</Process></lineage></DataProperties><SyncDate>20140326</SyncDate><SyncTime>14041600</SyncTime><ModDate>20140326</ModDate><ModTime>14041600</ModTime><ArcGISProfile>ItemDescription</ArcGISProfile></Esri><dataIdInfo><envirDesc Sync="TRUE">Microsoft Windows 7 Version 6.1 (Build 7601) Service Pack 1; Esri ArcGIS 10.1.1.3143</envirDesc><dataLang><languageCode value="eng" Sync="TRUE"/><countryCode value="USA" Sync="TRUE"/></dataLang><idCitation><resTitle Sync="TRUE">PPR_Boundaries</resTitle><presForm><PresFormCd value="005" Sync="TRUE"/></presForm></idCitation><spatRpType><SpatRepTypCd value="001" Sync="TRUE"/></spatRpType><idPurp>The boundaries of large and small parks owned and operated by Philadelphia Parks and Recreation. Last updated January 2012.</idPurp><idAbs>&lt;DIV STYLE="text-align:Left;"&gt;&lt;DIV&gt;&lt;DIV&gt;&lt;P&gt;&lt;SPAN&gt;Boundaries were determined using 1983 survey maps from the Fairmount Park Commission and parcel data provided by the Department of Records and the Philadelphia Water Department. &lt;/SPAN&gt;&lt;SPAN&gt;Addresses were matched to PWD Parcel layer or to the Street Centerline hundred address.&lt;/SPAN&gt;&lt;/P&gt;&lt;/DIV&gt;&lt;/DIV&gt;&lt;/DIV&gt;</idAbs></dataIdInfo><mdLang><languageCode value="eng" Sync="TRUE"/><countryCode value="USA" Sync="TRUE"/></mdLang><mdChar><CharSetCd value="004" Sync="TRUE"/></mdChar><distInfo><distFormat><formatName Sync="TRUE">Shapefile</formatName></distFormat><distTranOps><transSize Sync="TRUE">0.000</transSize></distTranOps></distInfo><mdHrLv><ScopeCd value="005" Sync="TRUE"/></mdHrLv><mdHrLvName Sync="TRUE">dataset</mdHrLvName><refSysInfo><RefSystem><refSysID><identCode code="2272" Sync="TRUE" value="2272"/><idCodeSpace Sync="TRUE">EPSG</idCodeSpace><idVersion Sync="TRUE">7.11.2</idVersion></refSysID></RefSystem></refSysInfo><spatRepInfo><VectSpatRep><geometObjs Name="PPR_Boundaries"><geoObjTyp><GeoObjTypCd value="002" Sync="TRUE"></GeoObjTypCd></geoObjTyp><geoObjCnt Sync="TRUE">0</geoObjCnt></geometObjs><topLvl><TopoLevCd value="001" Sync="TRUE"></TopoLevCd></topLvl></VectSpatRep></spatRepInfo><spdoinfo><ptvctinf><esriterm Name="PPR_Boundaries"><efeatyp Sync="TRUE">Simple</efeatyp><efeageom code="4" Sync="TRUE"></efeageom><esritopo Sync="TRUE">FALSE</esritopo><efeacnt Sync="TRUE">0</efeacnt><spindex Sync="TRUE">FALSE</spindex><linrefer Sync="TRUE">FALSE</linrefer></esriterm></ptvctinf></spdoinfo><eainfo><detailed Name="PPR_Boundaries"><enttyp><enttypl Sync="TRUE">PPR_Boundaries</enttypl><enttypt Sync="TRUE">Feature Class</enttypt><enttypc Sync="TRUE">0</enttypc></enttyp><attr><attrlabl Sync="TRUE">FID</attrlabl><attalias Sync="TRUE">FID</attalias><attrtype Sync="TRUE">OID</attrtype><attwidth Sync="TRUE">4</attwidth><atprecis Sync="TRUE">0</atprecis><attscale Sync="TRUE">0</attscale><attrdef Sync="TRUE">Internal feature number.</attrdef><attrdefs Sync="TRUE">Esri</attrdefs><attrdomv><udom Sync="TRUE">Sequential unique whole numbers that are automatically generated.</udom></attrdomv></attr><attr><attrlabl Sync="TRUE">Shape</attrlabl><attalias Sync="TRUE">Shape</attalias><attrtype Sync="TRUE">Geometry</attrtype><attwidth Sync="TRUE">0</attwidth><atprecis Sync="TRUE">0</atprecis><attscale Sync="TRUE">0</attscale><attrdef Sync="TRUE">Feature geometry.</attrdef><attrdefs Sync="TRUE">ESRI</attrdefs><attrdomv><udom Sync="TRUE">Coordinates defining the features.</udom></attrdomv></attr><attr><attrlabl Sync="TRUE">NAME</attrlabl><attalias Sync="TRUE">NAME</attalias><attrtype Sync="TRUE">String</attrtype><attwidth Sync="TRUE">100</attwidth><atprecis Sync="TRUE">0</atprecis><attscale Sync="TRUE">0</attscale></attr><attr><attrlabl Sync="TRUE">Acres</attrlabl><attalias Sync="TRUE">ACRES</attalias><attrtype Sync="TRUE">Double</attrtype><attwidth Sync="TRUE">19</attwidth><atprecis Sync="TRUE">18</atprecis><attscale Sync="TRUE">8</attscale></attr><attr><attrlabl Sync="TRUE">District</attrlabl><attalias Sync="TRUE">DISTRICT</attalias><attrtype Sync="TRUE">Integer</attrtype><attwidth Sync="TRUE">9</attwidth><atprecis Sync="TRUE">9</atprecis><attscale Sync="TRUE">0</attscale></attr><attr><attrlabl Sync="TRUE">ADDRESS</attrlabl><attalias Sync="TRUE">ADDRESS</attalias><attrtype Sync="TRUE">String</attrtype><attwidth Sync="TRUE">50</attwidth><atprecis Sync="TRUE">0</atprecis><attscale Sync="TRUE">0</attscale></attr><attr><attrlabl Sync="TRUE">PARK</attrlabl><attalias Sync="TRUE">PARK</attalias><attrtype Sync="TRUE">String</attrtype><attwidth Sync="TRUE">50</attwidth><atprecis Sync="TRUE">0</atprecis><attscale Sync="TRUE">0</attscale></attr><attr><attrlabl Sync="TRUE">ZIPCODE</attrlabl><attalias Sync="TRUE">ZIPCODE</attalias><attrtype Sync="TRUE">String</attrtype><attwidth Sync="TRUE">5</attwidth><atprecis Sync="TRUE">0</atprecis><attscale Sync="TRUE">0</attscale></attr><attr><attrlabl Sync="TRUE">SHAPE_AREA</attrlabl><attalias Sync="TRUE">SHAPE_AREA</attalias><attrtype Sync="TRUE">Double</attrtype><attwidth Sync="TRUE">19</attwidth><atprecis Sync="TRUE">0</atprecis><attscale Sync="TRUE">0</attscale><attrdef Sync="TRUE">Area of feature in internal units squared.</attrdef><attrdefs Sync="TRUE">Esri</attrdefs><attrdomv><udom Sync="TRUE">Positive real numbers that are automatically generated.</udom></attrdomv></attr><attr><attrlabl Sync="TRUE">SHAPE_LEN</attrlabl><attalias Sync="TRUE">SHAPE_LEN</attalias><attrtype Sync="TRUE">Double</attrtype><attwidth Sync="TRUE">19</attwidth><atprecis Sync="TRUE">0</atprecis><attscale Sync="TRUE">0</attscale></attr></detailed></eainfo><mdDateSt Sync="TRUE">20140326</mdDateSt></metadata>
