<?xml version="1.0" encoding="UTF-8"?>
<metadata xml:lang="en"><Esri><CreaDate>20140326</CreaDate><CreaTime>14092100</CreaTime><SyncOnce>FALSE</SyncOnce><SyncDate>20140326</SyncDate><SyncTime>14092000</SyncTime><ModDate>20140326</ModDate><ModTime>14092000</ModTime><DataProperties><lineage><Process ToolSource="C:\Program Files\ArcGIS\ArcToolbox\Toolboxes\Data Management Tools.tbx\DefineProjection" Date="20100628" Time="103608" Name="" export="">DefineProjection Park_Fountains_Ben PROJCS['NAD_1983_StatePlane_Pennsylvania_South_FIPS_3702_Feet',GEOGCS['GCS_North_American_1983',DATUM['D_North_American_1983',SPHEROID['GRS_1980',6378137.0,298.257222101]],PRIMEM['Greenwich',0.0],UNIT['Degree',0.0174532925199433]],PROJECTION['Lambert_Conformal_Conic'],PARAMETER['False_Easting',1968500.0],PARAMETER['False_Northing',0.0],PARAMETER['Central_Meridian',-77.75],PARAMETER['Standard_Parallel_1',39.93333333333333],PARAMETER['Standard_Parallel_2',40.96666666666667],PARAMETER['Latitude_Of_Origin',39.33333333333334],UNIT['Foot_US',0.3048006096012192]] Park_Fountains_Ben</Process><Process ToolSource="C:\Program Files\ArcGIS\ArcToolbox\Toolboxes\Analysis Tools.tbx\SpatialJoin" Date="20100628" Time="103938" Name="" export="">SpatialJoin Park_Fountains_Ben Fairmount_Park X:\GIS_DATA\Cultural_Resources\Park_Fountains_Ben_SpatialJo.shp JOIN_ONE_TO_ONE KEEP_ALL "XCOORD 'XCOORD' true true false 16 Double 8 15 ,First,#,X:\GIS_DATA\Cultural_Resources\Park_Fountains_Ben.shp,XCOORD,-1,-1;YCOORD 'YCOORD' true true false 16 Double 8 15 ,First,#,X:\GIS_DATA\Cultural_Resources\Park_Fountains_Ben.shp,YCOORD,-1,-1;ZCOORD 'ZCOORD' true true false 16 Double 8 15 ,First,#,X:\GIS_DATA\Cultural_Resources\Park_Fountains_Ben.shp,ZCOORD,-1,-1;GPSDATE 'GPSDATE' true true false 8 Date 0 0 ,First,#,X:\GIS_DATA\Cultural_Resources\Park_Fountains_Ben.shp,GPSDATE,-1,-1;MATERIALS 'MATERIALS' true true false 17 Text 0 0 ,First,#,X:\GIS_DATA\Cultural_Resources\Park_Fountains_Ben.shp,MATERIALS,-1,-1;MATERIALS2 'MATERIALS2' true true false 17 Text 0 0 ,First,#,X:\GIS_DATA\Cultural_Resources\Park_Fountains_Ben.shp,MATERIALS2,-1,-1;FREESTND 'FREESTND' true true false 1 Short 0 0 ,First,#,X:\GIS_DATA\Cultural_Resources\Park_Fountains_Ben.shp,FREESTND,-1,-1;TYPE 'TYPE' true true false 17 Text 0 0 ,First,#,X:\GIS_DATA\Cultural_Resources\Park_Fountains_Ben.shp,TYPE,-1,-1;ACTIVE 'ACTIVE' true true false 1 Short 0 0 ,First,#,X:\GIS_DATA\Cultural_Resources\Park_Fountains_Ben.shp,ACTIVE,-1,-1;INSCRIPT 'INSCRIPT' true true false 1 Short 0 0 ,First,#,X:\GIS_DATA\Cultural_Resources\Park_Fountains_Ben.shp,INSCRIPT,-1,-1;LIGHTS 'LIGHTS' true true false 1 Short 0 0 ,First,#,X:\GIS_DATA\Cultural_Resources\Park_Fountains_Ben.shp,LIGHTS,-1,-1;PLAQUE 'PLAQUE' true true false 1 Short 0 0 ,First,#,X:\GIS_DATA\Cultural_Resources\Park_Fountains_Ben.shp,PLAQUE,-1,-1;ARTSCULPT 'ARTSCULPT' true true false 1 Short 0 0 ,First,#,X:\GIS_DATA\Cultural_Resources\Park_Fountains_Ben.shp,ARTSCULPT,-1,-1;HEIGHT 'HEIGHT' true true false 8 Long 0 8 ,First,#,X:\GIS_DATA\Cultural_Resources\Park_Fountains_Ben.shp,HEIGHT,-1,-1;WIDTH 'WIDTH' true true false 8 Long 0 8 ,First,#,X:\GIS_DATA\Cultural_Resources\Park_Fountains_Ben.shp,WIDTH,-1,-1;CONDITION 'CONDITION' true true false 17 Text 0 0 ,First,#,X:\GIS_DATA\Cultural_Resources\Park_Fountains_Ben.shp,CONDITION,-1,-1;PHOTO 'PHOTO' true true false 1 Short 0 0 ,First,#,X:\GIS_DATA\Cultural_Resources\Park_Fountains_Ben.shp,PHOTO,-1,-1;UPDTDBY 'UPDTDBY' true true false 17 Text 0 0 ,First,#,X:\GIS_DATA\Cultural_Resources\Park_Fountains_Ben.shp,UPDTDBY,-1,-1;DATEUPDTD 'DATEUPDTD' true true false 17 Text 0 0 ,First,#,X:\GIS_DATA\Cultural_Resources\Park_Fountains_Ben.shp,DATEUPDTD,-1,-1;COMMENTS 'COMMENTS' true true false 49 Text 0 0 ,First,#,X:\GIS_DATA\Cultural_Resources\Park_Fountains_Ben.shp,COMMENTS,-1,-1;ID 'ID' true true false 8 Long 0 8 ,First,#,X:\GIS_DATA\Cultural_Resources\Park_Fountains_Ben.shp,ID,-1,-1;IMGFOLDER 'IMGFOLDER' true true false 16 Text 0 0 ,First,#,X:\GIS_DATA\Cultural_Resources\Park_Fountains_Ben.shp,IMGFOLDER,-1,-1;NAME 'NAME' true true false 100 Text 0 0 ,First,#,X:\GIS_DATA\Base_Maps\Fairmount_Park.shp,NAME,-1,-1;PARK 'PARK' true true false 50 Text 0 0 ,First,#,X:\GIS_DATA\Base_Maps\Fairmount_Park.shp,PARK,-1,-1" INTERSECTS "0 Unknown" #</Process><Process ToolSource="c:\program files\arcgis\desktop10.0\ArcToolbox\Toolboxes\Conversion Tools.tbx\FeatureClassToFeatureClass" Date="20130727" Time="164150">FeatureClassToFeatureClass X:\GIS_DATA\Cultural_Resources\PPR_park_fountains_point.shp "Database Connections\GEODB2.sde" PPR_fountains # "Join_Count "Join_Count" true true false 9 Long 0 9 ,First,#,X:\GIS_DATA\Cultural_Resources\PPR_park_fountains_point.shp,Join_Count,-1,-1;XCOORD "XCOORD" true true false 16 Double 8 15 ,First,#,X:\GIS_DATA\Cultural_Resources\PPR_park_fountains_point.shp,XCOORD,-1,-1;YCOORD "YCOORD" true true false 16 Double 8 15 ,First,#,X:\GIS_DATA\Cultural_Resources\PPR_park_fountains_point.shp,YCOORD,-1,-1;ZCOORD "ZCOORD" true true false 16 Double 8 15 ,First,#,X:\GIS_DATA\Cultural_Resources\PPR_park_fountains_point.shp,ZCOORD,-1,-1;GPSDATE "GPSDATE" true true false 8 Date 0 0 ,First,#,X:\GIS_DATA\Cultural_Resources\PPR_park_fountains_point.shp,GPSDATE,-1,-1;MATERIALS "MATERIALS" true true false 17 Text 0 0 ,First,#,X:\GIS_DATA\Cultural_Resources\PPR_park_fountains_point.shp,MATERIALS,-1,-1;MATERIALS2 "MATERIALS2" true true false 17 Text 0 0 ,First,#,X:\GIS_DATA\Cultural_Resources\PPR_park_fountains_point.shp,MATERIALS2,-1,-1;FREESTND "FREESTND" true true false 4 Short 0 4 ,First,#,X:\GIS_DATA\Cultural_Resources\PPR_park_fountains_point.shp,FREESTND,-1,-1;TYPE "TYPE" true true false 17 Text 0 0 ,First,#,X:\GIS_DATA\Cultural_Resources\PPR_park_fountains_point.shp,TYPE,-1,-1;ACTIVE "ACTIVE" true true false 4 Short 0 4 ,First,#,X:\GIS_DATA\Cultural_Resources\PPR_park_fountains_point.shp,ACTIVE,-1,-1;INSCRIPT "INSCRIPT" true true false 4 Short 0 4 ,First,#,X:\GIS_DATA\Cultural_Resources\PPR_park_fountains_point.shp,INSCRIPT,-1,-1;LIGHTS "LIGHTS" true true false 4 Short 0 4 ,First,#,X:\GIS_DATA\Cultural_Resources\PPR_park_fountains_point.shp,LIGHTS,-1,-1;PLAQUE "PLAQUE" true true false 4 Short 0 4 ,First,#,X:\GIS_DATA\Cultural_Resources\PPR_park_fountains_point.shp,PLAQUE,-1,-1;ARTSCULPT "ARTSCULPT" true true false 4 Short 0 4 ,First,#,X:\GIS_DATA\Cultural_Resources\PPR_park_fountains_point.shp,ARTSCULPT,-1,-1;HEIGHT "HEIGHT" true true false 8 Long 0 8 ,First,#,X:\GIS_DATA\Cultural_Resources\PPR_park_fountains_point.shp,HEIGHT,-1,-1;WIDTH "WIDTH" true true false 8 Long 0 8 ,First,#,X:\GIS_DATA\Cultural_Resources\PPR_park_fountains_point.shp,WIDTH,-1,-1;CONDITION "CONDITION" true true false 17 Text 0 0 ,First,#,X:\GIS_DATA\Cultural_Resources\PPR_park_fountains_point.shp,CONDITION,-1,-1;PHOTO "PHOTO" true true false 4 Short 0 4 ,First,#,X:\GIS_DATA\Cultural_Resources\PPR_park_fountains_point.shp,PHOTO,-1,-1;UPDTDBY "UPDTDBY" true true false 17 Text 0 0 ,First,#,X:\GIS_DATA\Cultural_Resources\PPR_park_fountains_point.shp,UPDTDBY,-1,-1;DATEUPDTD "DATEUPDTD" true true false 17 Text 0 0 ,First,#,X:\GIS_DATA\Cultural_Resources\PPR_park_fountains_point.shp,DATEUPDTD,-1,-1;COMMENTS "COMMENTS" true true false 49 Text 0 0 ,First,#,X:\GIS_DATA\Cultural_Resources\PPR_park_fountains_point.shp,COMMENTS,-1,-1;ID "ID" true true false 8 Long 0 8 ,First,#,X:\GIS_DATA\Cultural_Resources\PPR_park_fountains_point.shp,ID,-1,-1;IMGFOLDER "IMGFOLDER" true true false 16 Text 0 0 ,First,#,X:\GIS_DATA\Cultural_Resources\PPR_park_fountains_point.shp,IMGFOLDER,-1,-1;NAME "NAME" true true false 100 Text 0 0 ,First,#,X:\GIS_DATA\Cultural_Resources\PPR_park_fountains_point.shp,NAME,-1,-1;PARK "PARK" true true false 50 Text 0 0 ,First,#,X:\GIS_DATA\Cultural_Resources\PPR_park_fountains_point.shp,PARK,-1,-1" #</Process><Process ToolSource="C:\Program Files\ArcGIS\Desktop10.0\ArcToolbox\Toolboxes\Data Management Tools.tbx\ChangePrivileges" Date="20130727" Time="164331">ChangePrivileges 'Database Connections\GEODB2.sde\GIS_FPC.PPR_fountains' GIS_ALL_USERS GRANT #</Process><Process ToolSource="c:\program files\arcgis\desktop10.1\ArcToolbox\Toolboxes\Data Management Tools.tbx\CopyFeatures" Date="20140326" Time="140920">CopyFeatures temp_layer X:\GIS_DATA\ParksDept-geodata\Fountains\shapefile\temp\Fountains.shp # 0 0 0</Process><Process ToolSource="c:\program files\arcgis\desktop10.1\ArcToolbox\Toolboxes\Data Management Tools.tbx\Project" Date="20140326" Time="140922">Project X:\GIS_DATA\ParksDept-geodata\Fountains\shapefile\temp\Fountains.shp X:\GIS_DATA\ParksDept-geodata\Fountains\shapefile\Fountains.shp GEOGCS['GCS_WGS_1984',DATUM['D_WGS_1984',SPHEROID['WGS_1984',6378137.0,298.257223563]],PRIMEM['Greenwich',0.0],UNIT['Degree',0.0174532925199433],METADATA['World',-180.0,-90.0,180.0,90.0,0.0,0.0174532925199433,0.0,1262]] WGS_1984_(ITRF00)_To_NAD_1983 PROJCS['NAD_1983_StatePlane_Pennsylvania_South_FIPS_3702_Feet',GEOGCS['GCS_North_American_1983',DATUM['D_North_American_1983',SPHEROID['GRS_1980',6378137.0,298.257222101]],PRIMEM['Greenwich',0.0],UNIT['Degree',0.0174532925199433]],PROJECTION['Lambert_Conformal_Conic'],PARAMETER['False_Easting',1968500.0],PARAMETER['False_Northing',0.0],PARAMETER['Central_Meridian',-77.75],PARAMETER['Standard_Parallel_1',39.93333333333333],PARAMETER['Standard_Parallel_2',40.96666666666667],PARAMETER['Latitude_Of_Origin',39.33333333333334],UNIT['Foot_US',0.3048006096012192]]</Process></lineage><itemProps><imsContentType>002</imsContentType><itemName Sync="TRUE">Fountains</itemName><itemLocation><linkage Sync="TRUE">file://\\FPCADDC1\GIS Home\GIS_DATA\ParksDept-geodata\Fountains\shapefile\temp\Fountains.shp</linkage><protocol Sync="TRUE">Local Area Network</protocol></itemLocation><nativeExtBox><westBL Sync="TRUE">2677205.482121</westBL><eastBL Sync="TRUE">2744058.434701</eastBL><southBL Sync="TRUE">217478.186687</southBL><northBL Sync="TRUE">286932.715428</northBL><exTypeCode Sync="TRUE">1</exTypeCode></nativeExtBox><itemSize Sync="TRUE">0.000</itemSize></itemProps><coordRef><type Sync="TRUE">Projected</type><geogcsn Sync="TRUE">GCS_North_American_1983</geogcsn><csUnits Sync="TRUE">Linear Unit: Foot_US (0.304801)</csUnits><projcsn Sync="TRUE">NAD_1983_StatePlane_Pennsylvania_South_FIPS_3702_Feet</projcsn><peXml Sync="TRUE">&lt;ProjectedCoordinateSystem xsi:type='typens:ProjectedCoordinateSystem' xmlns:xsi='http://www.w3.org/2001/XMLSchema-instance' xmlns:xs='http://www.w3.org/2001/XMLSchema' xmlns:typens='http://www.esri.com/schemas/ArcGIS/10.1'&gt;&lt;WKT&gt;PROJCS[&amp;quot;NAD_1983_StatePlane_Pennsylvania_South_FIPS_3702_Feet&amp;quot;,GEOGCS[&amp;quot;GCS_North_American_1983&amp;quot;,DATUM[&amp;quot;D_North_American_1983&amp;quot;,SPHEROID[&amp;quot;GRS_1980&amp;quot;,6378137.0,298.257222101]],PRIMEM[&amp;quot;Greenwich&amp;quot;,0.0],UNIT[&amp;quot;Degree&amp;quot;,0.0174532925199433]],PROJECTION[&amp;quot;Lambert_Conformal_Conic&amp;quot;],PARAMETER[&amp;quot;False_Easting&amp;quot;,1968500.0],PARAMETER[&amp;quot;False_Northing&amp;quot;,0.0],PARAMETER[&amp;quot;Central_Meridian&amp;quot;,-77.75],PARAMETER[&amp;quot;Standard_Parallel_1&amp;quot;,39.93333333333333],PARAMETER[&amp;quot;Standard_Parallel_2&amp;quot;,40.96666666666667],PARAMETER[&amp;quot;Latitude_Of_Origin&amp;quot;,39.33333333333334],UNIT[&amp;quot;Foot_US&amp;quot;,0.3048006096012192],AUTHORITY[&amp;quot;EPSG&amp;quot;,2272]]&lt;/WKT&gt;&lt;XOrigin&gt;-119214200&lt;/XOrigin&gt;&lt;YOrigin&gt;-96198500&lt;/YOrigin&gt;&lt;XYScale&gt;37163717.489134133&lt;/XYScale&gt;&lt;ZOrigin&gt;-100000&lt;/ZOrigin&gt;&lt;ZScale&gt;10000&lt;/ZScale&gt;&lt;MOrigin&gt;-100000&lt;/MOrigin&gt;&lt;MScale&gt;10000&lt;/MScale&gt;&lt;XYTolerance&gt;0.0032808333333333331&lt;/XYTolerance&gt;&lt;ZTolerance&gt;0.001&lt;/ZTolerance&gt;&lt;MTolerance&gt;0.001&lt;/MTolerance&gt;&lt;HighPrecision&gt;true&lt;/HighPrecision&gt;&lt;WKID&gt;102729&lt;/WKID&gt;&lt;LatestWKID&gt;2272&lt;/LatestWKID&gt;&lt;/ProjectedCoordinateSystem&gt;</peXml></coordRef></DataProperties><ArcGISProfile>ItemDescription</ArcGISProfile><ArcGISFormat>1.0</ArcGISFormat></Esri><idinfo><citation><citeinfo><onlink Sync="TRUE">\\Fpcaddc1\GIS Home\GIS_DATA\Cultural_Resources\Park_Fountains.shp</onlink><origin>REQUIRED: The name of an organization or individual that developed the data set.</origin><pubdate>REQUIRED: The date when the data set is published or otherwise made available for release.</pubdate><title Sync="TRUE">Park_Fountains</title><ftname Sync="TRUE">Park_Fountains</ftname><geoform Sync="TRUE">vector digital data</geoform></citeinfo></citation><native Sync="TRUE">Microsoft Windows XP Version 5.1 (Build 2600) Service Pack 2; ESRI ArcCatalog 9.3.1.4000</native><descript><langdata Sync="TRUE">en</langdata><purpose>Park fountain locations</purpose><supplinf>Updated from file created by Ben Haavik, original found in X:\GIS_DATA\Soft Delete Files\Ben</supplinf></descript><timeperd><current>REQUIRED: The basis on which the time period of content information is determined.</current><timeinfo><sngdate><caldate>REQUIRED: The year (and optionally month, or month and day) for which the data set corresponds to the ground.</caldate></sngdate></timeinfo></timeperd><status><progress>REQUIRED: The state of the data set.</progress><update>REQUIRED: The frequency with which changes and additions are made to the data set after the initial data set is completed.</update></status><spdom><bounding><westbc Sync="TRUE">-75.223639</westbc><eastbc Sync="TRUE">-74.977704</eastbc><northbc Sync="TRUE">40.093084</northbc><southbc Sync="TRUE">39.897004</southbc></bounding><lboundng><leftbc Sync="TRUE">2677205.482047</leftbc><rightbc Sync="TRUE">2744058.434760</rightbc><bottombc Sync="TRUE">217478.186697</bottombc><topbc Sync="TRUE">286932.715321</topbc></lboundng></spdom><keywords><theme><themekt>REQUIRED: Reference to a formally registered thesaurus or a similar authoritative source of theme keywords.</themekt><themekey>REQUIRED: Common-use word or phrase used to describe the subject of the data set.</themekey></theme></keywords><natvform Sync="TRUE">Shapefile</natvform></idinfo><distInfo><distributor><distorTran><onLineSrc><linkage Sync="TRUE">file://\\Fpcaddc1\GIS Home\GIS_DATA\Cultural_Resources\Park_Fountains.shp</linkage><protocol Sync="TRUE">Local Area Network</protocol><orDesc Sync="TRUE">002</orDesc></onLineSrc><transSize Sync="TRUE">0.001</transSize></distorTran><distorFormat><formatName Sync="TRUE">Shapefile</formatName></distorFormat></distributor><distFormat><formatName Sync="TRUE">Shapefile</formatName></distFormat><distTranOps><transSize Sync="TRUE">0.000</transSize></distTranOps></distInfo><dataqual><lineage><procstep><procdesc Sync="TRUE">Dataset moved.</procdesc><srcused Sync="TRUE">X:\Cultural_Resource_Inventory\shapefiles\Dynamofieldwork\othershapes\Park_Fountains</srcused><date Sync="TRUE">20080501</date><time Sync="TRUE">12250300</time></procstep><procstep><procdesc Sync="TRUE">Dataset moved.</procdesc><srcused Sync="TRUE">X:\GIS_Data_2\Infrastructure\Park_Fountains</srcused><date Sync="TRUE">20080501</date><time Sync="TRUE">14225300</time></procstep></lineage></dataqual><dataIdInfo><envirDesc Sync="TRUE">Microsoft Windows 7 Version 6.1 (Build 7601) Service Pack 1; Esri ArcGIS 10.1.1.3143</envirDesc><dataLang><languageCode Sync="TRUE" value="eng"/><countryCode value="USA" Sync="TRUE"></countryCode></dataLang><idCitation><resTitle Sync="FALSE">Park Fountains</resTitle><presForm><PresFormCd Sync="TRUE" value="005"/></presForm></idCitation><spatRpType><SpatRepTypCd Sync="TRUE" value="001"/></spatRpType><dataExt><geoEle><GeoBndBox esriExtentType="native"><westBL Sync="TRUE">2677205.482047</westBL><eastBL Sync="TRUE">2744058.43476</eastBL><northBL Sync="TRUE">286932.715321</northBL><southBL Sync="TRUE">217478.186697</southBL><exTypeCode Sync="TRUE">1</exTypeCode></GeoBndBox></geoEle></dataExt><dataExt><geoEle><GeoBndBox esriExtentType="search"><westBL Sync="TRUE">-75.223639</westBL><eastBL Sync="TRUE">-74.977704</eastBL><northBL Sync="TRUE">40.093084</northBL><southBL Sync="TRUE">39.897004</southBL><exTypeCode Sync="TRUE">1</exTypeCode></GeoBndBox></geoEle></dataExt><geoBox esriExtentType="decdegrees"><westBL Sync="TRUE">-75.223639</westBL><eastBL Sync="TRUE">-74.977704</eastBL><northBL Sync="TRUE">40.093084</northBL><southBL Sync="TRUE">39.897004</southBL><exTypeCode Sync="TRUE">1</exTypeCode></geoBox><idPurp>Location of fountains that are owned or maintained by Philadelphia Parks &amp; Recreation
Features updated: 08/03/2000
Attributes updated: 07/27/2013
Metadata updated: 07/27/2013
Update frequency: as needed</idPurp><resConst><Consts><useLimit>&lt;DIV STYLE="text-align:Left;"&gt;&lt;DIV&gt;&lt;DIV&gt;&lt;P&gt;&lt;SPAN&gt;The City of Philadelphia makes no representation about the accuracy of any specific information in this GIS data and is provided “as is” and without Warranty of any kind. The user of this data will assume complete responsibility for any and all occurrences resulting from its use or display and will hold the City of Philadelphia harmless from any and all claims, demands, liabilities, obligations, damages, suits, judgments or settlements, including reasonable costs and attorneys' fees, that arise from use of this data.&lt;/SPAN&gt;&lt;/P&gt;&lt;/DIV&gt;&lt;/DIV&gt;&lt;/DIV&gt;</useLimit></Consts></resConst><idAbs>&lt;DIV STYLE="text-align:Left;"&gt;&lt;DIV&gt;&lt;DIV&gt;&lt;P&gt;&lt;SPAN&gt;Points indicating the location of fountains that are owned or maintained by Philadelphia Parks &amp;amp; Recreation&lt;/SPAN&gt;&lt;/P&gt;&lt;P&gt;&lt;SPAN&gt;DATA DEVELOPMENT:&lt;/SPAN&gt;&lt;/P&gt;&lt;P&gt;&lt;SPAN&gt;Point and attribute data were gathered in the feild by Fairmount Park staff using handheld gps units. Historic data were provided by park historians.&lt;/SPAN&gt;&lt;/P&gt;&lt;P&gt;&lt;SPAN&gt;KEY ATTRIBUTE FIELDS:&lt;/SPAN&gt;&lt;/P&gt;&lt;P&gt;&lt;SPAN&gt;MATERIALS: construction material of the fountain&lt;/SPAN&gt;&lt;/P&gt;&lt;P&gt;&lt;SPAN&gt;MATERIALS2: secondary construction material of the fountain&lt;/SPAN&gt;&lt;/P&gt;&lt;P&gt;&lt;SPAN&gt;FREESTND: Is the fountain freestanding? 0=no, 1=yes&lt;/SPAN&gt;&lt;/P&gt;&lt;P&gt;&lt;SPAN&gt;NAME: Name of the fountain&lt;/SPAN&gt;&lt;/P&gt;&lt;P&gt;&lt;SPAN&gt;PARK: Park where the fountain is located&lt;/SPAN&gt;&lt;/P&gt;&lt;P&gt;&lt;SPAN&gt;COORDINATE SYSTEM:&lt;/SPAN&gt;&lt;/P&gt;&lt;P&gt;&lt;SPAN&gt;Lambert Conformal Conic. NAD83, PA South Stateplane coordinates, US Foot&lt;/SPAN&gt;&lt;/P&gt;&lt;P&gt;&lt;SPAN&gt;THEMATIC MAPPING&lt;/SPAN&gt;&lt;/P&gt;&lt;P&gt;&lt;SPAN&gt;Use the NAME attribute field for thematic mapping and labeling&lt;/SPAN&gt;&lt;/P&gt;&lt;P&gt;&lt;SPAN /&gt;&lt;/P&gt;&lt;/DIV&gt;&lt;/DIV&gt;&lt;/DIV&gt;</idAbs><searchKeys><keyword>City of Philadelphia</keyword><keyword>park</keyword><keyword>fountain</keyword><keyword>Philadelphia Parks &amp; Recreation</keyword></searchKeys><idCredit>Philadelphia Parks &amp; Recreation 
Nora Dougherty, Geospatial Analyst
1515 Arch Street, 10th Floor, Philadelphia, PA 19102-1587</idCredit></dataIdInfo><metainfo><langmeta Sync="TRUE">en</langmeta><metstdn Sync="TRUE">FGDC Content Standards for Digital Geospatial Metadata</metstdn><metstdv Sync="TRUE">FGDC-STD-001-1998</metstdv><mettc Sync="TRUE">local time</mettc><metc><cntinfo><cntorgp><cntper>Joni Baumgarten</cntper><cntorg>Fairmount Park</cntorg></cntorgp><cntaddr><addrtype>mailing and physical address</addrtype><city>Philadelphia</city><state>PA</state><postal>19102</postal><address>1515 Arch Street, 10th floor</address></cntaddr><cntvoice>215-683-0234</cntvoice></cntinfo></metc><metd Sync="TRUE">20110927</metd></metainfo><mdLang><languageCode Sync="TRUE" value="eng"/><countryCode value="USA" Sync="TRUE"></countryCode></mdLang><mdChar><CharSetCd Sync="TRUE" value="004"/></mdChar><mdHrLv><ScopeCd Sync="TRUE" value="005"/></mdHrLv><mdHrLvName Sync="TRUE">dataset</mdHrLvName><distinfo><resdesc Sync="TRUE">Downloadable Data</resdesc><stdorder><digform><digtinfo><transize Sync="TRUE">0.001</transize><dssize Sync="TRUE">0.001</dssize></digtinfo></digform></stdorder></distinfo><spdoinfo><direct Sync="TRUE">Vector</direct><ptvctinf><esriterm Name="Fountains"><efeatyp Sync="TRUE">Simple</efeatyp><efeageom code="1" Sync="TRUE"></efeageom><esritopo Sync="TRUE">FALSE</esritopo><efeacnt Sync="TRUE">0</efeacnt><spindex Sync="TRUE">FALSE</spindex><linrefer Sync="TRUE">FALSE</linrefer></esriterm></ptvctinf></spdoinfo><spatRepInfo><VectSpatRep><geometObjs Name="Fountains"><geoObjTyp><GeoObjTypCd value="004" Sync="TRUE"></GeoObjTypCd></geoObjTyp><geoObjCnt Sync="TRUE">0</geoObjCnt></geometObjs><topLvl><TopoLevCd value="001" Sync="TRUE"></TopoLevCd></topLvl></VectSpatRep></spatRepInfo><eainfo><detailed Name="Fountains"><enttyp><enttypl Sync="TRUE">Fountains</enttypl><enttypt Sync="TRUE">Feature Class</enttypt><enttypc Sync="TRUE">0</enttypc></enttyp><attr><attrlabl Sync="TRUE">FID</attrlabl><attalias Sync="TRUE">FID</attalias><attrtype Sync="TRUE">OID</attrtype><attwidth Sync="TRUE">4</attwidth><atprecis Sync="TRUE">0</atprecis><attscale Sync="TRUE">0</attscale><attrdef Sync="TRUE">Internal feature number.</attrdef><attrdefs Sync="TRUE">Esri</attrdefs><attrdomv><udom Sync="TRUE">Sequential unique whole numbers that are automatically generated.</udom></attrdomv></attr><attr><attrlabl Sync="TRUE">Shape</attrlabl><attalias Sync="TRUE">Shape</attalias><attrtype Sync="TRUE">Geometry</attrtype><attwidth Sync="TRUE">0</attwidth><atprecis Sync="TRUE">0</atprecis><attscale Sync="TRUE">0</attscale><attrdef Sync="TRUE">Feature geometry.</attrdef><attrdefs Sync="TRUE">ESRI</attrdefs><attrdomv><udom Sync="TRUE">Coordinates defining the features.</udom></attrdomv></attr><attr><attrlabl Sync="TRUE">Join_Count</attrlabl><attalias Sync="TRUE">JOIN_COUNT</attalias><attrtype Sync="TRUE">Integer</attrtype><attwidth Sync="TRUE">9</attwidth><atprecis Sync="TRUE">9</atprecis><attscale Sync="TRUE">0</attscale></attr><attr><attrlabl Sync="TRUE">XCOORD</attrlabl><attalias Sync="TRUE">XCOORD</attalias><attrtype Sync="TRUE">Double</attrtype><attwidth Sync="TRUE">16</attwidth><atprecis Sync="TRUE">15</atprecis><attscale Sync="TRUE">8</attscale></attr><attr><attrlabl Sync="TRUE">YCOORD</attrlabl><attalias Sync="TRUE">YCOORD</attalias><attrtype Sync="TRUE">Double</attrtype><attwidth Sync="TRUE">16</attwidth><atprecis Sync="TRUE">15</atprecis><attscale Sync="TRUE">8</attscale></attr><attr><attrlabl Sync="TRUE">ZCOORD</attrlabl><attalias Sync="TRUE">ZCOORD</attalias><attrtype Sync="TRUE">Double</attrtype><attwidth Sync="TRUE">16</attwidth><atprecis Sync="TRUE">15</atprecis><attscale Sync="TRUE">8</attscale></attr><attr><attrlabl Sync="TRUE">GPSDATE</attrlabl><attalias Sync="TRUE">GPSDATE</attalias><attrtype Sync="TRUE">Date</attrtype><attwidth Sync="TRUE">8</attwidth><atprecis Sync="TRUE">0</atprecis><attscale Sync="TRUE">0</attscale></attr><attr><attrlabl Sync="TRUE">MATERIALS</attrlabl><attalias Sync="TRUE">MATERIALS</attalias><attrtype Sync="TRUE">String</attrtype><attwidth Sync="TRUE">17</attwidth><atprecis Sync="TRUE">0</atprecis><attscale Sync="TRUE">0</attscale></attr><attr><attrlabl Sync="TRUE">MATERIALS2</attrlabl><attalias Sync="TRUE">MATERIALS2</attalias><attrtype Sync="TRUE">String</attrtype><attwidth Sync="TRUE">17</attwidth><atprecis Sync="TRUE">0</atprecis><attscale Sync="TRUE">0</attscale></attr><attr><attrlabl Sync="TRUE">FREESTND</attrlabl><attalias Sync="TRUE">FREESTND</attalias><attrtype Sync="TRUE">SmallInteger</attrtype><attwidth Sync="TRUE">4</attwidth><atprecis Sync="TRUE">4</atprecis><attscale Sync="TRUE">0</attscale></attr><attr><attrlabl Sync="TRUE">TYPE</attrlabl><attalias Sync="TRUE">TYPE</attalias><attrtype Sync="TRUE">String</attrtype><attwidth Sync="TRUE">17</attwidth><atprecis Sync="TRUE">0</atprecis><attscale Sync="TRUE">0</attscale></attr><attr><attrlabl Sync="TRUE">ACTIVE</attrlabl><attalias Sync="TRUE">ACTIVE</attalias><attrtype Sync="TRUE">SmallInteger</attrtype><attwidth Sync="TRUE">4</attwidth><atprecis Sync="TRUE">4</atprecis><attscale Sync="TRUE">0</attscale></attr><attr><attrlabl Sync="TRUE">INSCRIPT</attrlabl><attalias Sync="TRUE">INSCRIPT</attalias><attrtype Sync="TRUE">SmallInteger</attrtype><attwidth Sync="TRUE">4</attwidth><atprecis Sync="TRUE">4</atprecis><attscale Sync="TRUE">0</attscale></attr><attr><attrlabl Sync="TRUE">LIGHTS</attrlabl><attalias Sync="TRUE">LIGHTS</attalias><attrtype Sync="TRUE">SmallInteger</attrtype><attwidth Sync="TRUE">4</attwidth><atprecis Sync="TRUE">4</atprecis><attscale Sync="TRUE">0</attscale></attr><attr><attrlabl Sync="TRUE">PLAQUE</attrlabl><attalias Sync="TRUE">PLAQUE</attalias><attrtype Sync="TRUE">SmallInteger</attrtype><attwidth Sync="TRUE">4</attwidth><atprecis Sync="TRUE">4</atprecis><attscale Sync="TRUE">0</attscale></attr><attr><attrlabl Sync="TRUE">ARTSCULPT</attrlabl><attalias Sync="TRUE">ARTSCULPT</attalias><attrtype Sync="TRUE">SmallInteger</attrtype><attwidth Sync="TRUE">4</attwidth><atprecis Sync="TRUE">4</atprecis><attscale Sync="TRUE">0</attscale></attr><attr><attrlabl Sync="TRUE">HEIGHT</attrlabl><attalias Sync="TRUE">HEIGHT</attalias><attrtype Sync="TRUE">Integer</attrtype><attwidth Sync="TRUE">8</attwidth><atprecis Sync="TRUE">8</atprecis><attscale Sync="TRUE">0</attscale></attr><attr><attrlabl Sync="TRUE">WIDTH</attrlabl><attalias Sync="TRUE">WIDTH</attalias><attrtype Sync="TRUE">Integer</attrtype><attwidth Sync="TRUE">8</attwidth><atprecis Sync="TRUE">8</atprecis><attscale Sync="TRUE">0</attscale></attr><attr><attrlabl Sync="TRUE">CONDITION</attrlabl><attalias Sync="TRUE">CONDITION</attalias><attrtype Sync="TRUE">String</attrtype><attwidth Sync="TRUE">17</attwidth><atprecis Sync="TRUE">0</atprecis><attscale Sync="TRUE">0</attscale></attr><attr><attrlabl Sync="TRUE">PHOTO</attrlabl><attalias Sync="TRUE">PHOTO</attalias><attrtype Sync="TRUE">SmallInteger</attrtype><attwidth Sync="TRUE">4</attwidth><atprecis Sync="TRUE">4</atprecis><attscale Sync="TRUE">0</attscale></attr><attr><attrlabl Sync="TRUE">UPDTDBY</attrlabl><attalias Sync="TRUE">UPDTDBY</attalias><attrtype Sync="TRUE">String</attrtype><attwidth Sync="TRUE">17</attwidth><atprecis Sync="TRUE">0</atprecis><attscale Sync="TRUE">0</attscale></attr><attr><attrlabl Sync="TRUE">DATEUPDTD</attrlabl><attalias Sync="TRUE">DATEUPDTD</attalias><attrtype Sync="TRUE">String</attrtype><attwidth Sync="TRUE">17</attwidth><atprecis Sync="TRUE">0</atprecis><attscale Sync="TRUE">0</attscale></attr><attr><attrlabl Sync="TRUE">COMMENTS</attrlabl><attalias Sync="TRUE">COMMENTS</attalias><attrtype Sync="TRUE">String</attrtype><attwidth Sync="TRUE">49</attwidth><atprecis Sync="TRUE">0</atprecis><attscale Sync="TRUE">0</attscale></attr><attr><attrlabl Sync="TRUE">ID</attrlabl><attalias Sync="TRUE">ID</attalias><attrtype Sync="TRUE">Integer</attrtype><attwidth Sync="TRUE">8</attwidth><atprecis Sync="TRUE">8</atprecis><attscale Sync="TRUE">0</attscale></attr><attr><attrlabl Sync="TRUE">IMGFOLDER</attrlabl><attalias Sync="TRUE">IMGFOLDER</attalias><attrtype Sync="TRUE">String</attrtype><attwidth Sync="TRUE">16</attwidth><atprecis Sync="TRUE">0</atprecis><attscale Sync="TRUE">0</attscale></attr><attr><attrlabl Sync="TRUE">NAME</attrlabl><attalias Sync="TRUE">NAME</attalias><attrtype Sync="TRUE">String</attrtype><attwidth Sync="TRUE">100</attwidth><atprecis Sync="TRUE">0</atprecis><attscale Sync="TRUE">0</attscale></attr><attr><attrlabl Sync="TRUE">PARK</attrlabl><attalias Sync="TRUE">PARK</attalias><attrtype Sync="TRUE">String</attrtype><attwidth Sync="TRUE">50</attwidth><atprecis Sync="TRUE">0</atprecis><attscale Sync="TRUE">0</attscale></attr></detailed></eainfo><mdDateSt Sync="TRUE">20140326</mdDateSt><spref><horizsys><cordsysn><geogcsn Sync="TRUE">GCS_North_American_1983</geogcsn><projcsn Sync="TRUE">NAD_1983_StatePlane_Pennsylvania_South_FIPS_3702_Feet</projcsn></cordsysn><planar><planci><plance Sync="TRUE">coordinate pair</plance><plandu Sync="TRUE">survey feet</plandu><coordrep><absres Sync="TRUE">0.000000</absres><ordres Sync="TRUE">0.000000</ordres></coordrep></planci></planar><geodetic><horizdn Sync="TRUE">North American Datum of 1983</horizdn><ellips Sync="TRUE">Geodetic Reference System 80</ellips><semiaxis Sync="TRUE">6378137.000000</semiaxis><denflat Sync="TRUE">298.257222</denflat></geodetic></horizsys></spref><refSysInfo><RefSystem><refSysID><identCode Sync="TRUE" value="2272" code="2272">NAD_1983_StatePlane_Pennsylvania_South_FIPS_3702_Feet</identCode><idCodeSpace Sync="TRUE">EPSG</idCodeSpace><idVersion Sync="TRUE">7.11.2</idVersion></refSysID></RefSystem></refSysInfo></metadata>
