<?xml version="1.0" encoding="UTF-8"?>
<metadata><metainfo><metc><cntinfo><cntaddr><addrtype>mailing and physical address</addrtype><address>1515 Arch Street, 10th floor</address><city>Philadelphia</city><state>PA</state><postal>19102</postal></cntaddr><cntvoice>215-683-0234</cntvoice><cntemail>joni.baumgarten@phila.gov</cntemail><cntorgp><cntorg>Fairmount Park Commission</cntorg><cntper>Joni Baumgarten</cntper></cntorgp></cntinfo></metc><metd Sync="TRUE">20110607</metd><langmeta Sync="TRUE">en</langmeta><metstdn Sync="TRUE">FGDC Content Standards for Digital Geospatial Metadata</metstdn><metstdv Sync="TRUE">FGDC-STD-001-1998</metstdv><mettc Sync="TRUE">local time</mettc></metainfo><Esri><ModDate>20140403</ModDate><ModTime>16441800</ModTime><CreaDate>20140403</CreaDate><CreaTime>16442000</CreaTime><SyncOnce>FALSE</SyncOnce><SyncDate>20140403</SyncDate><SyncTime>16441800</SyncTime><DataProperties><itemProps><itemName Sync="TRUE">Pool_Spraygrounds_point</itemName><imsContentType>002</imsContentType><itemSize Sync="TRUE">0.000</itemSize><itemLocation><linkage Sync="TRUE">file://\\FPCADDC1\GIS Home\GIS_DATA\ParksDept-geodata\Pools Spraygrounds point\shapefile\temp\Pool_Spraygrounds_point.shp</linkage><protocol Sync="TRUE">Local Area Network</protocol></itemLocation></itemProps><coordRef><type Sync="TRUE">Projected</type><geogcsn Sync="TRUE">GCS_North_American_1983</geogcsn><csUnits Sync="TRUE">Linear Unit: Foot_US (0.304801)</csUnits><projcsn Sync="TRUE">NAD_1983_StatePlane_Pennsylvania_South_FIPS_3702_Feet</projcsn><peXml Sync="TRUE">&lt;ProjectedCoordinateSystem xsi:type='typens:ProjectedCoordinateSystem' xmlns:xsi='http://www.w3.org/2001/XMLSchema-instance' xmlns:xs='http://www.w3.org/2001/XMLSchema' xmlns:typens='http://www.esri.com/schemas/ArcGIS/10.1'&gt;&lt;WKT&gt;PROJCS[&amp;quot;NAD_1983_StatePlane_Pennsylvania_South_FIPS_3702_Feet&amp;quot;,GEOGCS[&amp;quot;GCS_North_American_1983&amp;quot;,DATUM[&amp;quot;D_North_American_1983&amp;quot;,SPHEROID[&amp;quot;GRS_1980&amp;quot;,6378137.0,298.257222101]],PRIMEM[&amp;quot;Greenwich&amp;quot;,0.0],UNIT[&amp;quot;Degree&amp;quot;,0.0174532925199433]],PROJECTION[&amp;quot;Lambert_Conformal_Conic&amp;quot;],PARAMETER[&amp;quot;False_Easting&amp;quot;,1968500.0],PARAMETER[&amp;quot;False_Northing&amp;quot;,0.0],PARAMETER[&amp;quot;Central_Meridian&amp;quot;,-77.75],PARAMETER[&amp;quot;Standard_Parallel_1&amp;quot;,39.93333333333333],PARAMETER[&amp;quot;Standard_Parallel_2&amp;quot;,40.96666666666667],PARAMETER[&amp;quot;Latitude_Of_Origin&amp;quot;,39.33333333333334],UNIT[&amp;quot;Foot_US&amp;quot;,0.3048006096012192],AUTHORITY[&amp;quot;EPSG&amp;quot;,2272]]&lt;/WKT&gt;&lt;XOrigin&gt;-119214200&lt;/XOrigin&gt;&lt;YOrigin&gt;-96198500&lt;/YOrigin&gt;&lt;XYScale&gt;37163717.489134133&lt;/XYScale&gt;&lt;ZOrigin&gt;-100000&lt;/ZOrigin&gt;&lt;ZScale&gt;10000&lt;/ZScale&gt;&lt;MOrigin&gt;-100000&lt;/MOrigin&gt;&lt;MScale&gt;10000&lt;/MScale&gt;&lt;XYTolerance&gt;0.0032808333333333331&lt;/XYTolerance&gt;&lt;ZTolerance&gt;0.001&lt;/ZTolerance&gt;&lt;MTolerance&gt;0.001&lt;/MTolerance&gt;&lt;HighPrecision&gt;true&lt;/HighPrecision&gt;&lt;WKID&gt;102729&lt;/WKID&gt;&lt;LatestWKID&gt;2272&lt;/LatestWKID&gt;&lt;/ProjectedCoordinateSystem&gt;</peXml></coordRef><lineage><Process ToolSource="c:\program files\arcgis\desktop10.0\ArcToolbox\Toolboxes\Data Management Tools.tbx\Merge" Date="20121219" Time="101954" Name="" export="">Merge Pools_2010;PPR_Spray_Grounds X:\Projects\Interns\Vanessa\Other\PPR_Pools_Spray_Grounds.shp "GIS_PLANNI "GIS_PLANNI" true true false 19 Double 8 18 ,First,#,Pools_2010,GIS_PLANNI,-1,-1;GIS_PLAN_1 "GIS_PLAN_1" true true false 19 Double 8 18 ,First,#,Pools_2010,GIS_PLAN_1,-1,-1;GIS_PLAN_2 "GIS_PLAN_2" true true false 5 Text 0 0 ,First,#,Pools_2010,GIS_PLAN_2,-1,-1;GIS_PLAN_3 "GIS_PLAN_3" true true false 12 Text 0 0 ,First,#,Pools_2010,GIS_PLAN_3,-1,-1;GIS_PLAN_4 "GIS_PLAN_4" true true false 44 Text 0 0 ,First,#,Pools_2010,GIS_PLAN_4,-1,-1;GIS_PLAN_5 "GIS_PLAN_5" true true false 40 Text 0 0 ,First,#,Pools_2010,GIS_PLAN_5,-1,-1;GIS_PLAN_6 "GIS_PLAN_6" true true false 5 Text 0 0 ,First,#,Pools_2010,GIS_PLAN_6,-1,-1;GIS_PLAN_7 "GIS_PLAN_7" true true false 100 Text 0 0 ,First,#,Pools_2010,GIS_PLAN_7,-1,-1;Sheet1__Ca "Sheet1__Ca" true true false 254 Text 0 0 ,First,#,Pools_2010,Sheet1__Ca,-1,-1;Sheet1__Po "Sheet1__Po" true true false 254 Text 0 0 ,First,#,Pools_2010,Sheet1__Po,-1,-1;Sheet1__Di "Sheet1__Di" true true false 16 Double 6 15 ,First,#,Pools_2010,Sheet1__Di,-1,-1;Sheet1__Fa "Sheet1__Fa" true true false 254 Text 0 0 ,First,#,Pools_2010,Sheet1__Fa,-1,-1;Sheet1___1 "Sheet1___1" true true false 254 Text 0 0 ,First,#,Pools_2010,Sheet1___1,-1,-1;Sheet1__Ad "Sheet1__Ad" true true false 254 Text 0 0 ,First,#,Pools_2010,Sheet1__Ad,-1,-1;Sheet1__Zi "Sheet1__Zi" true true false 16 Double 6 15 ,First,#,Pools_2010,Sheet1__Zi,-1,-1;Miles "Miles" true true false 1 Short 0 1 ,First,#,Pools_2010,Miles,-1,-1;Id "Id" true true false 6 Long 0 6 ,First,#,PPR_Spray_Grounds,Id,-1,-1;Zipcode "Zipcode" true true false 19 Double 0 0 ,First,#,PPR_Spray_Grounds,Zipcode,-1,-1;Ages "Ages" true true false 15 Text 0 0 ,First,#,PPR_Spray_Grounds,Ages,-1,-1;Park "Park" true true false 35 Text 0 0 ,First,#,PPR_Spray_Grounds,Park,-1,-1;Address "Address" true true false 40 Text 0 0 ,First,#,PPR_Spray_Grounds,Address,-1,-1;Chronology "Chronology" true true false 15 Text 0 0 ,First,#,PPR_Spray_Grounds,Chronology,-1,-1"</Process><Process ToolSource="C:\Program Files\ArcGIS\Desktop10.0\ArcToolbox\Toolboxes\Data Management Tools.tbx\CalculateField" Date="20121219" Time="102430" Name="" export="">CalculateField PPR_Pools_Spray_Grounds Zipcode [Sheet1__Zi] VB #</Process><Process ToolSource="C:\Program Files\ArcGIS\Desktop10.0\ArcToolbox\Toolboxes\Data Management Tools.tbx\CalculateField" Date="20121219" Time="102616" Name="" export="">CalculateField PPR_Pools_Spray_Grounds Address [Sheet1__Ad] VB #</Process><Process ToolSource="C:\Program Files\ArcGIS\Desktop10.0\ArcToolbox\Toolboxes\Data Management Tools.tbx\CalculateField" Date="20121219" Time="102935" Name="" export="">CalculateField PPR_Pools_Spray_Grounds Facility [Sheet1__Fa] VB #</Process><Process ToolSource="C:\Program Files\ArcGIS\Desktop10.0\ArcToolbox\Toolboxes\Data Management Tools.tbx\CalculateField" Date="20121219" Time="103511" Name="" export="">CalculateField PPR_Pools_Spray_Grounds Facility [Sheet1__Fa] VB #</Process><Process ToolSource="C:\Program Files\ArcGIS\Desktop10.0\ArcToolbox\Toolboxes\Data Management Tools.tbx\CalculateField" Date="20121219" Time="103603" Name="" export="">CalculateField PPR_Pools_Spray_Grounds Facility [Sheet1__Fa] VB #</Process><Process ToolSource="C:\Program Files\ArcGIS\Desktop10.0\ArcToolbox\Toolboxes\Data Management Tools.tbx\CalculateField" Date="20121220" Time="121442">CalculateField PPR_Pools_Spray_Grounds Feature "Pool" VB #</Process><Process ToolSource="c:\program files\arcgis\desktop10.0\ArcToolbox\Toolboxes\Conversion Tools.tbx\FeatureClassToFeatureClass" Date="20121221" Time="131158">FeatureClassToFeatureClass "X:\GIS_DATA\slash maps\PPR_pools_spraygrounds_point.shp" "Database Connections\dc_GEODB2_gis_fpc.sde" PPR_pools # "Zipcode "Zipcode" true true false 19 Double 0 0 ,First,#,X:\GIS_DATA\slash maps\PPR_pools_spraygrounds_point.shp,Zipcode,-1,-1;Address "Address" true true false 40 Text 0 0 ,First,#,X:\GIS_DATA\slash maps\PPR_pools_spraygrounds_point.shp,Address,-1,-1;Facility "Facility" true true false 50 Text 0 0 ,First,#,X:\GIS_DATA\slash maps\PPR_pools_spraygrounds_point.shp,Facility,-1,-1;Link "Link" true true false 100 Text 0 0 ,First,#,X:\GIS_DATA\slash maps\PPR_pools_spraygrounds_point.shp,Link,-1,-1;Feature "Feature" true true false 25 Text 0 0 ,First,#,X:\GIS_DATA\slash maps\PPR_pools_spraygrounds_point.shp,Feature,-1,-1" #</Process><Process ToolSource="C:\Program Files\ArcGIS\Desktop10.0\ArcToolbox\Toolboxes\Data Management Tools.tbx\ChangePrivileges" Date="20121221" Time="131346">ChangePrivileges 'Database Connections\dc_GEODB2_gis_fpc.sde\GIS_FPC.PPR_pools_spraygrounds_point' GIS_ALL_USERS # #</Process><Process ToolSource="C:\Program Files\ArcGIS\Desktop10.0\ArcToolbox\Toolboxes\Data Management Tools.tbx\ChangePrivileges" Date="20130103" Time="154833">ChangePrivileges 'Database Connections\dc_GEODB2_gis_fpc.sde\GIS_FPC.PPR_pools_spraygrounds_point' GIS_ALL_USERS # #</Process><Process ToolSource="C:\Program Files\ArcGIS\Desktop10.0\ArcToolbox\Toolboxes\Data Management Tools.tbx\ChangePrivileges" Date="20130103" Time="154939">ChangePrivileges 'Database Connections\dc_GEODB2_gis_fpc.sde\GIS_FPC.PPR_pools_spraygrounds_point' GIS_ALL_USERS GRANT #</Process><Process ToolSource="C:\Program Files\ArcGIS\Desktop10.0\ArcToolbox\Toolboxes\Data Management Tools.tbx\ChangePrivileges" Date="20130103" Time="164812">ChangePrivileges 'Database Connections\dc_GEODB2_gis_fpc.sde\GIS_FPC.PPR_pools_spraygrounds_point' GIS_ALL_USERS GRANT #</Process><Process ToolSource="c:\program files\arcgis\desktop10.1\ArcToolbox\Toolboxes\Data Management Tools.tbx\CopyFeatures" Date="20140403" Time="164419">CopyFeatures temp_layer "X:\GIS_DATA\ParksDept-geodata\Pools Spraygrounds point\shapefile\temp\Pool_Spraygrounds_point.shp" # 0 0 0</Process><Process ToolSource="c:\program files\arcgis\desktop10.1\ArcToolbox\Toolboxes\Data Management Tools.tbx\Project" Date="20140403" Time="164420">Project "X:\GIS_DATA\ParksDept-geodata\Pools Spraygrounds point\shapefile\temp\Pool_Spraygrounds_point.shp" "X:\GIS_DATA\ParksDept-geodata\Pools Spraygrounds point\shapefile\Pool_Spraygrounds_point.shp" GEOGCS['GCS_WGS_1984',DATUM['D_WGS_1984',SPHEROID['WGS_1984',6378137.0,298.257223563]],PRIMEM['Greenwich',0.0],UNIT['Degree',0.0174532925199433],METADATA['World',-180.0,-90.0,180.0,90.0,0.0,0.0174532925199433,0.0,1262]] WGS_1984_(ITRF00)_To_NAD_1983 PROJCS['NAD_1983_StatePlane_Pennsylvania_South_FIPS_3702_Feet',GEOGCS['GCS_North_American_1983',DATUM['D_North_American_1983',SPHEROID['GRS_1980',6378137.0,298.257222101]],PRIMEM['Greenwich',0.0],UNIT['Degree',0.0174532925199433]],PROJECTION['Lambert_Conformal_Conic'],PARAMETER['False_Easting',1968500.0],PARAMETER['False_Northing',0.0],PARAMETER['Central_Meridian',-77.75],PARAMETER['Standard_Parallel_1',39.93333333333333],PARAMETER['Standard_Parallel_2',40.96666666666667],PARAMETER['Latitude_Of_Origin',39.33333333333334],UNIT['Foot_US',0.3048006096012192]]</Process></lineage><copyHistory><copy source="X:\Projects\Interns\Vanessa\Other\PPR_Pools_Spray_Grounds" dest="\\FPCADDC1\GIS Home\GIS_DATA\slash maps\PPR_Pools_Spray_Grounds" date="20121220" time="12290100"></copy></copyHistory></DataProperties><ArcGISProfile>ItemDescription</ArcGISProfile><ArcGISFormat>1.0</ArcGISFormat></Esri><mdDateSt Sync="TRUE">20140403</mdDateSt><idinfo><citation><citeinfo><onlink Sync="TRUE">\\Fpcaddc1\GIS Home\GIS_DATA\Recreation\Amenities\Pools_2010.shp</onlink><origin>REQUIRED: The name of an organization or individual that developed the data set.</origin><pubdate>REQUIRED: The date when the data set is published or otherwise made available for release.</pubdate><title Sync="TRUE">Philadelphia Parks and Recreation Pools and Spray Grounds</title><ftname Sync="TRUE">Pools_2010</ftname><geoform Sync="TRUE">vector digital data</geoform></citeinfo></citation><native Sync="TRUE">Microsoft Windows XP Version 5.1 (Build 2600) Service Pack 2; ESRI ArcCatalog 9.3.1.4000</native><descript><langdata Sync="TRUE">en</langdata><abstract>REQUIRED: A brief narrative summary of the data set.</abstract><purpose>Layer containing all pools and spray grounds that lay within </purpose></descript><timeperd><current>REQUIRED: The basis on which the time period of content information is determined.</current><timeinfo><sngdate><caldate>REQUIRED: The year (and optionally month, or month and day) for which the data set corresponds to the ground.</caldate></sngdate></timeinfo></timeperd><status><progress>REQUIRED: The state of the data set.</progress><update>REQUIRED: The frequency with which changes and additions are made to the data set after the initial data set is completed.</update></status><spdom><bounding><westbc Sync="TRUE">-75.240325</westbc><eastbc Sync="TRUE">-74.990131</eastbc><northbc Sync="TRUE">40.105284</northbc><southbc Sync="TRUE">39.910356</southbc></bounding><lboundng><leftbc Sync="TRUE">2672387.001312</leftbc><rightbc Sync="TRUE">2740445.000000</rightbc><bottombc Sync="TRUE">222231.482940</bottombc><topbc Sync="TRUE">291241.125328</topbc></lboundng></spdom><keywords><theme><themekt>REQUIRED: Reference to a formally registered thesaurus or a similar authoritative source of theme keywords.</themekt><themekey>REQUIRED: Common-use word or phrase used to describe the subject of the data set.</themekey></theme></keywords><accconst>REQUIRED: Restrictions and legal prerequisites for accessing the data set.</accconst><useconst>REQUIRED: Restrictions and legal prerequisites for using the data set after access is granted.</useconst><natvform Sync="TRUE">Shapefile</natvform></idinfo><distInfo><distributor><distorTran><onLineSrc><linkage Sync="TRUE">file://\\Fpcaddc1\GIS Home\GIS_DATA\Recreation\Amenities\Pools_2010.shp</linkage><protocol Sync="TRUE">Local Area Network</protocol><orDesc Sync="TRUE">002</orDesc></onLineSrc><transSize Sync="TRUE">0.002</transSize></distorTran><distorFormat><formatName Sync="TRUE">Shapefile</formatName></distorFormat></distributor><distFormat><formatName Sync="TRUE">Shapefile</formatName></distFormat><distTranOps><transSize Sync="TRUE">0.000</transSize></distTranOps></distInfo><dataqual><lineage><procstep><procdesc Sync="TRUE">Dataset moved.</procdesc><srcused Sync="TRUE">X:\GIS_DATA\Soft Delete Files\Ben\Practice_template_Joni</srcused><procdate Sync="TRUE">20100629</procdate><proctime Sync="TRUE">09244200</proctime></procstep><procstep><procdesc Sync="TRUE">Metadata imported.</procdesc><srcused Sync="TRUE">X:\Templates\Metadata_Contact_Joni.xml</srcused><procdate Sync="TRUE">20100630</procdate><proctime Sync="TRUE">10162900</proctime></procstep></lineage></dataqual><dataIdInfo><envirDesc Sync="TRUE">Microsoft Windows 7 Version 6.1 (Build 7601) Service Pack 1; Esri ArcGIS 10.1.1.3143</envirDesc><dataLang><languageCode Sync="TRUE" value="eng"/><countryCode value="USA" Sync="TRUE"/></dataLang><idCitation><resTitle Sync="FALSE">Philadelphia Parks and Recreation Pools and Spray Grounds</resTitle><presForm><PresFormCd Sync="TRUE" value="005"/></presForm></idCitation><spatRpType><SpatRepTypCd Sync="TRUE" value="001"/></spatRpType><dataExt><geoEle><GeoBndBox esriExtentType="native"><westBL Sync="TRUE">2672387.001312</westBL><eastBL Sync="TRUE">2740445</eastBL><northBL Sync="TRUE">291241.125328</northBL><southBL Sync="TRUE">222231.48294</southBL><exTypeCode Sync="TRUE">1</exTypeCode></GeoBndBox></geoEle></dataExt><dataExt><geoEle><GeoBndBox esriExtentType="search"><westBL Sync="TRUE">-75.240325</westBL><eastBL Sync="TRUE">-74.990131</eastBL><northBL Sync="TRUE">40.105284</northBL><southBL Sync="TRUE">39.910356</southBL><exTypeCode Sync="TRUE">1</exTypeCode></GeoBndBox></geoEle></dataExt><geoBox esriExtentType="decdegrees"><westBL Sync="TRUE">-75.240325</westBL><eastBL Sync="TRUE">-74.990131</eastBL><northBL Sync="TRUE">40.105284</northBL><southBL Sync="TRUE">39.910356</southBL><exTypeCode Sync="TRUE">1</exTypeCode></geoBox><idPurp>This layer contains the installed pools and spray grounds that are owned or maintained by Phildelphia's park system. This layer was created to be used for the Philadelphia Parks and Recreation website. http://www.phila.gov/parksandrecreation/Pages/default.aspx

-Features updated: 12/19/2012
-Attributes updated: 12/18/2012
-Metadata updated: 12/19/2012</idPurp><searchKeys><keyword>City of Philadelphia</keyword><keyword>Philadelphia Parks and Recreation</keyword><keyword>Pools</keyword><keyword>Spray Grounds</keyword></searchKeys><resConst><Consts><useLimit>&lt;DIV STYLE="text-align:Left;"&gt;&lt;DIV&gt;&lt;DIV&gt;&lt;P STYLE="margin:0 0 0 0;"&gt;&lt;SPAN&gt;&lt;SPAN&gt;The City of Philadelphia makes no representation about the accuracy of any specific information in this GIS data and is provided “as is” and without Warranty of any kind. The user of this data will assume complete responsibility for any and all occurrences resulting from its use or display and will hold the City of Philadelphia harmless from any and all claims, demands, liabilities, obligations, damages, suits, judgments or settlements, including reasonable costs and attorneys' fees, that arise from use of this data.&lt;/SPAN&gt;&lt;/SPAN&gt;&lt;/P&gt;&lt;P&gt;&lt;SPAN /&gt;&lt;/P&gt;&lt;/DIV&gt;&lt;/DIV&gt;&lt;/DIV&gt;</useLimit></Consts></resConst><idAbs>&lt;DIV STYLE="text-align:Left;"&gt;&lt;DIV&gt;&lt;DIV&gt;&lt;P&gt;&lt;SPAN&gt;This point layer file contains pools and spray grounds owned and maintained by the Philadelphia Parks and Recreation deapartment. This layer includes indoor and outdoor pools. Spray grounds which are included are separate from spray pools. Spray grounds are considered a more elaborate feature from spray pools.&lt;/SPAN&gt;&lt;/P&gt;&lt;P&gt;&lt;SPAN STYLE="font-weight:bold;"&gt;-Data Development:&lt;/SPAN&gt;&lt;/P&gt;&lt;UL&gt;&lt;LI&gt;&lt;P&gt;&lt;SPAN&gt;Merged PPR_Spray_Grounds and Pools_2010&lt;/SPAN&gt;&lt;/P&gt;&lt;/LI&gt;&lt;LI&gt;&lt;P&gt;&lt;SPAN&gt;Cleaned up attributes and fields from the merge; added several fields to include a link&lt;/SPAN&gt;&lt;/P&gt;&lt;/LI&gt;&lt;LI&gt;&lt;P&gt;&lt;SPAN&gt;Contained the spray ground locations from the department&lt;/SPAN&gt;&lt;/P&gt;&lt;/LI&gt;&lt;LI&gt;&lt;P&gt;&lt;SPAN&gt;Data sources include Parks and Recreation knowledge of areas&lt;/SPAN&gt;&lt;/P&gt;&lt;/LI&gt;&lt;/UL&gt;&lt;P&gt;&lt;SPAN&gt;-&lt;/SPAN&gt;&lt;SPAN STYLE="font-weight:bold;"&gt;Key Attributes:&lt;/SPAN&gt;&lt;/P&gt;&lt;UL&gt;&lt;LI&gt;&lt;P&gt;&lt;SPAN&gt;Facility: The park or recreation center which the spray ground or pool lies within&lt;/SPAN&gt;&lt;/P&gt;&lt;/LI&gt;&lt;LI&gt;&lt;P&gt;&lt;SPAN&gt;Address: The address of the park or recreation center which the spray ground or pool lies within&lt;/SPAN&gt;&lt;/P&gt;&lt;/LI&gt;&lt;LI&gt;&lt;P&gt;&lt;SPAN&gt;Zipcode: Zipcode which the facility lies within&lt;/SPAN&gt;&lt;/P&gt;&lt;/LI&gt;&lt;LI&gt;&lt;P&gt;&lt;SPAN&gt;Link: The web source link that connects to the particular facility webpage via the Parks and Recreation webpage&lt;/SPAN&gt;&lt;/P&gt;&lt;/LI&gt;&lt;/UL&gt;&lt;P&gt;&lt;SPAN STYLE="font-weight:bold;"&gt;-Coordinate System:&lt;/SPAN&gt;&lt;/P&gt;&lt;UL&gt;&lt;LI&gt;&lt;P&gt;&lt;SPAN&gt;Lambert Conformal Conic, NAD83, PA South Stateplane coordinates, US Foot.&lt;/SPAN&gt;&lt;/P&gt;&lt;/LI&gt;&lt;/UL&gt;&lt;P&gt;&lt;SPAN STYLE="font-weight:bold;"&gt;-Thematic Mapping:&lt;/SPAN&gt;&lt;/P&gt;&lt;UL&gt;&lt;LI&gt;&lt;P&gt;&lt;SPAN&gt;If necessary use the Facility field for mapping and labeling&lt;/SPAN&gt;&lt;/P&gt;&lt;/LI&gt;&lt;/UL&gt;&lt;/DIV&gt;&lt;/DIV&gt;&lt;/DIV&gt;</idAbs><idCredit>Vanessa Miller, GIS Intern, vanessa.miller.city@gmail.com
Philadelphia Parks and Recreation
1515 Arch Street, 10 Fl, Philadelphia, PA  19102-1583
215-683-0236


For further contact information contact: 
Nora Dougherty at Philadelphia Parks and Recreation
nora.dougherty@phila.gov
215-683-0235</idCredit></dataIdInfo><mdLang><languageCode Sync="TRUE" value="eng"/><countryCode value="USA" Sync="TRUE"/></mdLang><mdChar><CharSetCd Sync="TRUE" value="004"/></mdChar><mdHrLv><ScopeCd Sync="TRUE" value="005"/></mdHrLv><mdHrLvName Sync="TRUE">dataset</mdHrLvName><distinfo><resdesc Sync="TRUE">Downloadable Data</resdesc><stdorder><digform><digtinfo><transize Sync="TRUE">0.002</transize><dssize Sync="TRUE">0.002</dssize></digtinfo></digform></stdorder></distinfo><spdoinfo><direct Sync="TRUE">Vector</direct><ptvctinf><esriterm Name="Pool_Spraygrounds_point"><efeatyp Sync="TRUE">Simple</efeatyp><efeageom code="1" Sync="TRUE"></efeageom><esritopo Sync="TRUE">FALSE</esritopo><efeacnt Sync="TRUE">0</efeacnt><spindex Sync="TRUE">FALSE</spindex><linrefer Sync="TRUE">FALSE</linrefer></esriterm></ptvctinf></spdoinfo><spref><horizsys><cordsysn><geogcsn Sync="TRUE">GCS_North_American_1983</geogcsn><projcsn Sync="TRUE">NAD_1983_StatePlane_Pennsylvania_South_FIPS_3702_Feet</projcsn></cordsysn><planar><planci><plance Sync="TRUE">coordinate pair</plance><plandu Sync="TRUE">survey feet</plandu><coordrep><absres Sync="TRUE">0.000000</absres><ordres Sync="TRUE">0.000000</ordres></coordrep></planci></planar><geodetic><horizdn Sync="TRUE">North American Datum of 1983</horizdn><ellips Sync="TRUE">Geodetic Reference System 80</ellips><semiaxis Sync="TRUE">6378137.000000</semiaxis><denflat Sync="TRUE">298.257222</denflat></geodetic></horizsys></spref><refSysInfo><RefSystem><refSysID><identCode Sync="TRUE" value="2272" code="2272">NAD_1983_StatePlane_Pennsylvania_South_FIPS_3702_Feet</identCode><idCodeSpace Sync="TRUE">EPSG</idCodeSpace><idVersion Sync="TRUE">7.11.2</idVersion></refSysID></RefSystem></refSysInfo><spatRepInfo><VectSpatRep><geometObjs Name="Pool_Spraygrounds_point"><geoObjTyp><GeoObjTypCd value="004" Sync="TRUE"></GeoObjTypCd></geoObjTyp><geoObjCnt Sync="TRUE">0</geoObjCnt></geometObjs><topLvl><TopoLevCd value="001" Sync="TRUE"></TopoLevCd></topLvl></VectSpatRep></spatRepInfo><eainfo><detailed Name="Pool_Spraygrounds_point"><enttyp><enttypl Sync="TRUE">Pool_Spraygrounds_point</enttypl><enttypt Sync="TRUE">Feature Class</enttypt><enttypc Sync="TRUE">0</enttypc></enttyp><attr><attrlabl Sync="TRUE">FID</attrlabl><attalias Sync="TRUE">FID</attalias><attrtype Sync="TRUE">OID</attrtype><attwidth Sync="TRUE">4</attwidth><atprecis Sync="TRUE">0</atprecis><attscale Sync="TRUE">0</attscale><attrdef Sync="TRUE">Internal feature number.</attrdef><attrdefs Sync="TRUE">Esri</attrdefs><attrdomv><udom Sync="TRUE">Sequential unique whole numbers that are automatically generated.</udom></attrdomv></attr><attr><attrlabl Sync="TRUE">Shape</attrlabl><attalias Sync="TRUE">Shape</attalias><attrtype Sync="TRUE">Geometry</attrtype><attwidth Sync="TRUE">0</attwidth><atprecis Sync="TRUE">0</atprecis><attscale Sync="TRUE">0</attscale><attrdef Sync="TRUE">Feature geometry.</attrdef><attrdefs Sync="TRUE">ESRI</attrdefs><attrdomv><udom Sync="TRUE">Coordinates defining the features.</udom></attrdomv></attr><attr><attrlabl Sync="TRUE">Zipcode</attrlabl><attalias Sync="TRUE">ZIPCODE</attalias><attrtype Sync="TRUE">Double</attrtype><attwidth Sync="TRUE">19</attwidth><atprecis Sync="TRUE">18</atprecis><attscale Sync="TRUE">8</attscale></attr><attr><attrlabl Sync="TRUE">FACILITY</attrlabl><attalias Sync="TRUE">FACILITY</attalias><attrtype Sync="TRUE">String</attrtype><attwidth Sync="TRUE">50</attwidth><atprecis Sync="TRUE">0</atprecis><attscale Sync="TRUE">0</attscale></attr><attr><attrlabl Sync="TRUE">LINK</attrlabl><attalias Sync="TRUE">LINK</attalias><attrtype Sync="TRUE">String</attrtype><attwidth Sync="TRUE">100</attwidth><atprecis Sync="TRUE">0</atprecis><attscale Sync="TRUE">0</attscale></attr><attr><attrlabl Sync="TRUE">FEATURE</attrlabl><attalias Sync="TRUE">FEATURE</attalias><attrtype Sync="TRUE">String</attrtype><attwidth Sync="TRUE">25</attwidth><atprecis Sync="TRUE">0</atprecis><attscale Sync="TRUE">0</attscale></attr><attr><attrlabl Sync="TRUE">Address</attrlabl><attalias Sync="TRUE">ADDRESS</attalias><attrtype Sync="TRUE">String</attrtype><attwidth Sync="TRUE">40</attwidth><atprecis Sync="TRUE">0</atprecis><attscale Sync="TRUE">0</attscale></attr></detailed></eainfo></metadata>
