<?xml version="1.0" encoding="UTF-8"?>
<metadata xml:lang="en"><Esri><CreaDate>20140403</CreaDate><CreaTime>16451500</CreaTime><ArcGISFormat>1.0</ArcGISFormat><SyncOnce>FALSE</SyncOnce><DataProperties><itemProps><itemName Sync="TRUE">Rec_Facilities_point</itemName><imsContentType Sync="TRUE">002</imsContentType><itemLocation><linkage Sync="TRUE">file://\\FPCADDC1\GIS Home\GIS_DATA\ParksDept-geodata\Rec Facilities point\shapefile\temp\Rec_Facilities_point.shp</linkage><protocol Sync="TRUE">Local Area Network</protocol></itemLocation><itemSize Sync="TRUE">0.000</itemSize></itemProps><coordRef><type Sync="TRUE">Projected</type><geogcsn Sync="TRUE">GCS_North_American_1983</geogcsn><csUnits Sync="TRUE">Linear Unit: Foot_US (0.304801)</csUnits><projcsn Sync="TRUE">NAD_1983_StatePlane_Pennsylvania_South_FIPS_3702_Feet</projcsn><peXml Sync="TRUE">&lt;ProjectedCoordinateSystem xsi:type='typens:ProjectedCoordinateSystem' xmlns:xsi='http://www.w3.org/2001/XMLSchema-instance' xmlns:xs='http://www.w3.org/2001/XMLSchema' xmlns:typens='http://www.esri.com/schemas/ArcGIS/10.1'&gt;&lt;WKT&gt;PROJCS[&amp;quot;NAD_1983_StatePlane_Pennsylvania_South_FIPS_3702_Feet&amp;quot;,GEOGCS[&amp;quot;GCS_North_American_1983&amp;quot;,DATUM[&amp;quot;D_North_American_1983&amp;quot;,SPHEROID[&amp;quot;GRS_1980&amp;quot;,6378137.0,298.257222101]],PRIMEM[&amp;quot;Greenwich&amp;quot;,0.0],UNIT[&amp;quot;Degree&amp;quot;,0.0174532925199433]],PROJECTION[&amp;quot;Lambert_Conformal_Conic&amp;quot;],PARAMETER[&amp;quot;False_Easting&amp;quot;,1968500.0],PARAMETER[&amp;quot;False_Northing&amp;quot;,0.0],PARAMETER[&amp;quot;Central_Meridian&amp;quot;,-77.75],PARAMETER[&amp;quot;Standard_Parallel_1&amp;quot;,39.93333333333333],PARAMETER[&amp;quot;Standard_Parallel_2&amp;quot;,40.96666666666667],PARAMETER[&amp;quot;Latitude_Of_Origin&amp;quot;,39.33333333333334],UNIT[&amp;quot;Foot_US&amp;quot;,0.3048006096012192],AUTHORITY[&amp;quot;EPSG&amp;quot;,2272]]&lt;/WKT&gt;&lt;XOrigin&gt;-119214200&lt;/XOrigin&gt;&lt;YOrigin&gt;-96198500&lt;/YOrigin&gt;&lt;XYScale&gt;37163717.489134133&lt;/XYScale&gt;&lt;ZOrigin&gt;-100000&lt;/ZOrigin&gt;&lt;ZScale&gt;10000&lt;/ZScale&gt;&lt;MOrigin&gt;-100000&lt;/MOrigin&gt;&lt;MScale&gt;10000&lt;/MScale&gt;&lt;XYTolerance&gt;0.0032808333333333331&lt;/XYTolerance&gt;&lt;ZTolerance&gt;0.001&lt;/ZTolerance&gt;&lt;MTolerance&gt;0.001&lt;/MTolerance&gt;&lt;HighPrecision&gt;true&lt;/HighPrecision&gt;&lt;WKID&gt;102729&lt;/WKID&gt;&lt;LatestWKID&gt;2272&lt;/LatestWKID&gt;&lt;/ProjectedCoordinateSystem&gt;</peXml></coordRef><lineage><Process ToolSource="c:\program files\arcgis\desktop10.0\ArcToolbox\Toolboxes\Conversion Tools.tbx\FeatureClassToFeatureClass" Date="20120201" Time="084545" Name="" export="">FeatureClassToFeatureClass "X:\GIS_DATA\Base_Maps\Working Park Boundary\spj3_reorder.shp" X:\GIS_DATA\Base_Maps\Boundaries.gdb\Park_boundaries PPR_boundaries # "NAME "NAME" true true false 100 Text 0 0 ,First,#,X:\GIS_DATA\Base_Maps\Working Park Boundary\spj3_reorder.shp,NAME,-1,-1;Acres "Acres" true true false 19 Double 0 0 ,First,#,X:\GIS_DATA\Base_Maps\Working Park Boundary\spj3_reorder.shp,Acres,-1,-1;District "District" true true false 9 Long 0 9 ,First,#,X:\GIS_DATA\Base_Maps\Working Park Boundary\spj3_reorder.shp,District,-1,-1;ADDRESS "ADDRESS" true true false 50 Text 0 0 ,First,#,X:\GIS_DATA\Base_Maps\Working Park Boundary\spj3_reorder.shp,ADDRESS,-1,-1;PARK "PARK" true true false 50 Text 0 0 ,First,#,X:\GIS_DATA\Base_Maps\Working Park Boundary\spj3_reorder.shp,PARK,-1,-1;CLASS "CLASS" true true false 20 Text 0 0 ,First,#,X:\GIS_DATA\Base_Maps\Working Park Boundary\spj3_reorder.shp,CLASS,-1,-1;CHRONOLOGY "CHRONOLOGY" true true false 12 Text 0 0 ,First,#,X:\GIS_DATA\Base_Maps\Working Park Boundary\spj3_reorder.shp,CHRONOLOGY,-1,-1;ZIPCODE "ZIPCODE" true true false 5 Text 0 0 ,First,#,X:\GIS_DATA\Base_Maps\Working Park Boundary\spj3_reorder.shp,ZIPCODE,-1,-1;CAP_CODE "CAP_CODE" true true false 5 Text 0 0 ,First,#,X:\GIS_DATA\Base_Maps\Working Park Boundary\spj3_reorder.shp,CAP_CODE,-1,-1;SITE_NAME "SITE_NAME" true true false 44 Text 0 0 ,First,#,X:\GIS_DATA\Base_Maps\Working Park Boundary\spj3_reorder.shp,SITE_NAME,-1,-1;big_grid "big_grid" true true false 5 Text 0 0 ,First,#,X:\GIS_DATA\Base_Maps\Working Park Boundary\spj3_reorder.shp,big_grid,-1,-1;N_S_grid "N_S_grid" true true false 50 Text 0 0 ,First,#,X:\GIS_DATA\Base_Maps\Working Park Boundary\spj3_reorder.shp,N_S_grid,-1,-1;Unqu_ID "Unqu_ID" true true false 19 Double 0 0 ,First,#,X:\GIS_DATA\Base_Maps\Working Park Boundary\spj3_reorder.shp,Unqu_ID,-1,-1;Modifier "Modifier" true true false 50 Text 0 0 ,First,#,X:\GIS_DATA\Base_Maps\Working Park Boundary\spj3_reorder.shp,Modifier,-1,-1;Region "Region" true true false 9 Long 0 9 ,First,#,X:\GIS_DATA\Base_Maps\Working Park Boundary\spj3_reorder.shp,Region,-1,-1;CounclDist "CounclDist" true true false 254 Text 0 0 ,First,#,X:\GIS_DATA\Base_Maps\Working Park Boundary\spj3_reorder.shp,CounclDist,-1,-1;Shape_Leng "Shape_Leng" true true false 19 Double 0 0 ,First,#,X:\GIS_DATA\Base_Maps\Working Park Boundary\spj3_reorder.shp,Shape_Leng,-1,-1;Shape_Area "Shape_Area" true true false 19 Double 0 0 ,First,#,X:\GIS_DATA\Base_Maps\Working Park Boundary\spj3_reorder.shp,Shape_Area,-1,-1;Play_Equip "Play_Equip" true true false 4 Short 0 4 ,First,#,X:\GIS_DATA\Base_Maps\Working Park Boundary\spj3_reorder.shp,Play_Equip,-1,-1;dist_old "dist_old" true true false 9 Long 0 9 ,First,#,X:\GIS_DATA\Base_Maps\Working Park Boundary\spj3_reorder.shp,dist_old,-1,-1;ET_ID "ET_ID" true true false 9 Long 0 9 ,First,#,X:\GIS_DATA\Base_Maps\Working Park Boundary\spj3_reorder.shp,ET_ID,-1,-1" #</Process><Process ToolSource="C:\Program Files\ArcGIS\Desktop10.0\ArcToolbox\Toolboxes\Data Management Tools.tbx\CalculateField" Date="20120517" Time="162703" Name="" export="">CalculateField PPR_boundaries PARK [NAME] VB #</Process><Process ToolSource="c:\program files\arcgis\desktop10.0\ArcToolbox\Toolboxes\Conversion Tools.tbx\FeatureClassToFeatureClass" Date="20120731" Time="160959" Name="" export="">FeatureClassToFeatureClass X:\Projects\Interns\Regina\PPRBoundaries.shp X:\GIS_DATA\Base_Maps\Boundaries.gdb\Park_boundaries PPR_B # "OBJECTID "OBJECTID" true true false 9 Long 0 9 ,First,#,X:\Projects\Interns\Regina\PPRBoundaries.shp,OBJECTID,-1,-1;NAME "NAME" true true false 100 Text 0 0 ,First,#,X:\Projects\Interns\Regina\PPRBoundaries.shp,NAME,-1,-1;Acres "Acres" true true false 19 Double 0 0 ,First,#,X:\Projects\Interns\Regina\PPRBoundaries.shp,Acres,-1,-1;District "District" true true false 9 Long 0 9 ,First,#,X:\Projects\Interns\Regina\PPRBoundaries.shp,District,-1,-1;ADDRESS "ADDRESS" true true false 50 Text 0 0 ,First,#,X:\Projects\Interns\Regina\PPRBoundaries.shp,ADDRESS,-1,-1;PARK "PARK" true true false 50 Text 0 0 ,First,#,X:\Projects\Interns\Regina\PPRBoundaries.shp,PARK,-1,-1;CLASS "CLASS" true true false 20 Text 0 0 ,First,#,X:\Projects\Interns\Regina\PPRBoundaries.shp,CLASS,-1,-1;CHRONOLOGY "CHRONOLOGY" true true false 12 Text 0 0 ,First,#,X:\Projects\Interns\Regina\PPRBoundaries.shp,CHRONOLOGY,-1,-1;ZIPCODE "ZIPCODE" true true false 5 Text 0 0 ,First,#,X:\Projects\Interns\Regina\PPRBoundaries.shp,ZIPCODE,-1,-1;CAP_CODE "CAP_CODE" true true false 5 Text 0 0 ,First,#,X:\Projects\Interns\Regina\PPRBoundaries.shp,CAP_CODE,-1,-1;SITE_NAME "SITE_NAME" true true false 44 Text 0 0 ,First,#,X:\Projects\Interns\Regina\PPRBoundaries.shp,SITE_NAME,-1,-1;big_grid "big_grid" true true false 5 Text 0 0 ,First,#,X:\Projects\Interns\Regina\PPRBoundaries.shp,big_grid,-1,-1;N_S_grid "N_S_grid" true true false 50 Text 0 0 ,First,#,X:\Projects\Interns\Regina\PPRBoundaries.shp,N_S_grid,-1,-1;Unqu_ID "Unqu_ID" true true false 19 Double 0 0 ,First,#,X:\Projects\Interns\Regina\PPRBoundaries.shp,Unqu_ID,-1,-1;Modifier "Modifier" true true false 50 Text 0 0 ,First,#,X:\Projects\Interns\Regina\PPRBoundaries.shp,Modifier,-1,-1;Region "Region" true true false 9 Long 0 9 ,First,#,X:\Projects\Interns\Regina\PPRBoundaries.shp,Region,-1,-1;CounclDist "CounclDist" true true false 254 Text 0 0 ,First,#,X:\Projects\Interns\Regina\PPRBoundaries.shp,CounclDist,-1,-1;Shape_Leng "Shape_Leng" true true false 19 Double 0 0 ,First,#,X:\Projects\Interns\Regina\PPRBoundaries.shp,Shape_Leng,-1,-1;Play_Equip "Play_Equip" true true false 4 Short 0 4 ,First,#,X:\Projects\Interns\Regina\PPRBoundaries.shp,Play_Equip,-1,-1;dist_old "dist_old" true true false 9 Long 0 9 ,First,#,X:\Projects\Interns\Regina\PPRBoundaries.shp,dist_old,-1,-1;ET_ID "ET_ID" true true false 9 Long 0 9 ,First,#,X:\Projects\Interns\Regina\PPRBoundaries.shp,ET_ID,-1,-1;Shape_Le_1 "Shape_Le_1" true true false 19 Double 0 0 ,First,#,X:\Projects\Interns\Regina\PPRBoundaries.shp,Shape_Le_1,-1,-1;Shape_Area "Shape_Area" true true false 19 Double 0 0 ,First,#,X:\Projects\Interns\Regina\PPRBoundaries.shp,Shape_Area,-1,-1;Latitude "Latitude" true true false 19 Double 0 0 ,First,#,X:\Projects\Interns\Regina\PPRBoundaries.shp,Latitude,-1,-1;Longitude "Longitude" true true false 19 Double 0 0 ,First,#,X:\Projects\Interns\Regina\PPRBoundaries.shp,Longitude,-1,-1;PREV_NAME "PREV_NAME" true true false 50 Text 0 0 ,First,#,X:\Projects\Interns\Regina\PPRBoundaries.shp,PREV_NAME,-1,-1" #</Process><Process ToolSource="c:\program files\arcgis\desktop10.0\ArcToolbox\Toolboxes\Data Management Tools.tbx\Merge" Date="20121217" Time="170025" Name="" export="">Merge rec_facilities_poly;'Park Boundary' "M:\slash maps\rec_facilities_poly2.shp" "OBJECTID_1 "OBJECTID_1" true true false 9 Long 0 9 ,First,#,rec_facilities_poly,OBJECTID_1,-1,-1;OBJECTID "OBJECTID" true true false 9 Long 0 9 ,First,#,rec_facilities_poly,OBJECTID,-1,-1,Park Boundary,OBJECTID,-1,-1;NAME "NAME" true true false 100 Text 0 0 ,First,#,rec_facilities_poly,NAME,-1,-1,Park Boundary,NAME,-1,-1;Acres "Acres" true true false 19 Double 0 0 ,First,#,rec_facilities_poly,Acres,-1,-1,Park Boundary,Acres,-1,-1;District "District" true true false 9 Long 0 9 ,First,#,rec_facilities_poly,District,-1,-1,Park Boundary,District,-1,-1;ADDRESS "ADDRESS" true true false 50 Text 0 0 ,First,#,rec_facilities_poly,ADDRESS,-1,-1,Park Boundary,ADDRESS,-1,-1;PARK "PARK" true true false 50 Text 0 0 ,First,#,rec_facilities_poly,PARK,-1,-1,Park Boundary,PARK,-1,-1;CLASS "CLASS" true true false 20 Text 0 0 ,First,#,rec_facilities_poly,CLASS,-1,-1,Park Boundary,CLASS,-1,-1;CHRONOLOGY "CHRONOLOGY" true true false 12 Text 0 0 ,First,#,rec_facilities_poly,CHRONOLOGY,-1,-1,Park Boundary,CHRONOLOGY,-1,-1;ZIPCODE "ZIPCODE" true true false 5 Text 0 0 ,First,#,rec_facilities_poly,ZIPCODE,-1,-1,Park Boundary,ZIPCODE,-1,-1;CAP_CODE "CAP_CODE" true true false 5 Text 0 0 ,First,#,rec_facilities_poly,CAP_CODE,-1,-1,Park Boundary,CAP_CODE,-1,-1;SITE_NAME "SITE_NAME" true true false 44 Text 0 0 ,First,#,rec_facilities_poly,SITE_NAME,-1,-1,Park Boundary,SITE_NAME,-1,-1;big_grid "big_grid" true true false 5 Text 0 0 ,First,#,rec_facilities_poly,big_grid,-1,-1,Park Boundary,big_grid,-1,-1;N_S_grid "N_S_grid" true true false 50 Text 0 0 ,First,#,rec_facilities_poly,N_S_grid,-1,-1,Park Boundary,N_S_grid,-1,-1;Unqu_ID "Unqu_ID" true true false 19 Double 0 0 ,First,#,rec_facilities_poly,Unqu_ID,-1,-1,Park Boundary,Unqu_ID,-1,-1;Modifier "Modifier" true true false 50 Text 0 0 ,First,#,rec_facilities_poly,Modifier,-1,-1,Park Boundary,Modifier,-1,-1;Region "Region" true true false 9 Long 0 9 ,First,#,rec_facilities_poly,Region,-1,-1,Park Boundary,Region,-1,-1;CounclDist "CounclDist" true true false 254 Text 0 0 ,First,#,rec_facilities_poly,CounclDist,-1,-1,Park Boundary,CounclDist,-1,-1;Shape_Leng "Shape_Leng" true true false 19 Double 0 0 ,First,#,rec_facilities_poly,Shape_Leng,-1,-1,Park Boundary,Shape_Leng,-1,-1;Play_Equip "Play_Equip" true true false 4 Short 0 4 ,First,#,rec_facilities_poly,Play_Equip,-1,-1,Park Boundary,Play_Equip,-1,-1;dist_old "dist_old" true true false 9 Long 0 9 ,First,#,rec_facilities_poly,dist_old,-1,-1,Park Boundary,dist_old,-1,-1;ET_ID "ET_ID" true true false 9 Long 0 9 ,First,#,rec_facilities_poly,ET_ID,-1,-1,Park Boundary,ET_ID,-1,-1;Shape_Le_1 "Shape_Le_1" true true false 19 Double 0 0 ,First,#,rec_facilities_poly,Shape_Le_1,-1,-1,Park Boundary,Shape_Le_1,-1,-1;Latitude "Latitude" true true false 19 Double 0 0 ,First,#,rec_facilities_poly,Latitude,-1,-1,Park Boundary,Latitude,-1,-1;Longitude "Longitude" true true false 19 Double 0 0 ,First,#,rec_facilities_poly,Longitude,-1,-1,Park Boundary,Longitude,-1,-1;PREV_NAME "PREV_NAME" true true false 50 Text 0 0 ,First,#,rec_facilities_poly,PREV_NAME,-1,-1,Park Boundary,PREV_NAME,-1,-1;Shape_Le_2 "Shape_Le_2" true true false 19 Double 0 0 ,First,#,rec_facilities_poly,Shape_Le_2,-1,-1;Shape_Area "Shape_Area" true true false 19 Double 0 0 ,First,#,rec_facilities_poly,Shape_Area,-1,-1,Park Boundary,Shape_Area,-1,-1;Shape_Le_3 "Shape_Length" false true true 8 Double 0 0 ,First,#,Park Boundary,Shape_Length,-1,-1"</Process><Process ToolSource="c:\program files\arcgis\desktop10.0\ArcToolbox\Toolboxes\Data Management Tools.tbx\FeatureToPoint" Date="20121219" Time="161549" Name="" export="">FeatureToPoint rec_facilities_poly2 "M:\slash maps\rec_facilities_point.shp" CENTROID</Process><Process ToolSource="c:\program files\arcgis\desktop10.0\ArcToolbox\Toolboxes\Conversion Tools.tbx\FeatureClassToFeatureClass" Date="20121221" Time="115324">FeatureClassToFeatureClass "X:\GIS_DATA\slash maps\PPR_recreation_facilities_point.shp" "Database Connections\dc_GEODB2_gis_fpc.sde" test # "NAME "NAME" true true false 100 Text 0 0 ,First,#,X:\GIS_DATA\slash maps\PPR_recreation_facilities_point.shp,NAME,-1,-1;District "District" true true false 9 Long 0 9 ,First,#,X:\GIS_DATA\slash maps\PPR_recreation_facilities_point.shp,District,-1,-1;ADDRESS "ADDRESS" true true false 50 Text 0 0 ,First,#,X:\GIS_DATA\slash maps\PPR_recreation_facilities_point.shp,ADDRESS,-1,-1;ZIPCODE "ZIPCODE" true true false 5 Text 0 0 ,First,#,X:\GIS_DATA\slash maps\PPR_recreation_facilities_point.shp,ZIPCODE,-1,-1;website "website" true true false 100 Text 0 0 ,First,#,X:\GIS_DATA\slash maps\PPR_recreation_facilities_point.shp,website,-1,-1" #</Process><Process ToolSource="C:\Program Files\ArcGIS\Desktop10.0\ArcToolbox\Toolboxes\Data Management Tools.tbx\ChangePrivileges" Date="20121221" Time="130727">ChangePrivileges 'Database Connections\dc_GEODB2_gis_fpc.sde\GIS_FPC.PPR_Rec_Facilities_point' GIS_ALL_USERS # #</Process><Process ToolSource="C:\Program Files\ArcGIS\Desktop10.0\ArcToolbox\Toolboxes\Data Management Tools.tbx\ChangePrivileges" Date="20130103" Time="164838">ChangePrivileges 'Database Connections\dc_GEODB2_gis_fpc.sde\GIS_FPC.PPR_Rec_Facilities_point' GIS_ALL_USERS GRANT #</Process><Process ToolSource="c:\program files\arcgis\desktop10.1\ArcToolbox\Toolboxes\Data Management Tools.tbx\CopyFeatures" Date="20140403" Time="164513">CopyFeatures temp_layer "X:\GIS_DATA\ParksDept-geodata\Rec Facilities point\shapefile\temp\Rec_Facilities_point.shp" # 0 0 0</Process><Process ToolSource="c:\program files\arcgis\desktop10.1\ArcToolbox\Toolboxes\Data Management Tools.tbx\Project" Date="20140403" Time="164515">Project "X:\GIS_DATA\ParksDept-geodata\Rec Facilities point\shapefile\temp\Rec_Facilities_point.shp" "X:\GIS_DATA\ParksDept-geodata\Rec Facilities point\shapefile\Rec_Facilities_point.shp" GEOGCS['GCS_WGS_1984',DATUM['D_WGS_1984',SPHEROID['WGS_1984',6378137.0,298.257223563]],PRIMEM['Greenwich',0.0],UNIT['Degree',0.0174532925199433],METADATA['World',-180.0,-90.0,180.0,90.0,0.0,0.0174532925199433,0.0,1262]] WGS_1984_(ITRF00)_To_NAD_1983 PROJCS['NAD_1983_StatePlane_Pennsylvania_South_FIPS_3702_Feet',GEOGCS['GCS_North_American_1983',DATUM['D_North_American_1983',SPHEROID['GRS_1980',6378137.0,298.257222101]],PRIMEM['Greenwich',0.0],UNIT['Degree',0.0174532925199433]],PROJECTION['Lambert_Conformal_Conic'],PARAMETER['False_Easting',1968500.0],PARAMETER['False_Northing',0.0],PARAMETER['Central_Meridian',-77.75],PARAMETER['Standard_Parallel_1',39.93333333333333],PARAMETER['Standard_Parallel_2',40.96666666666667],PARAMETER['Latitude_Of_Origin',39.33333333333334],UNIT['Foot_US',0.3048006096012192]]</Process></lineage></DataProperties><SyncDate>20140403</SyncDate><SyncTime>16451300</SyncTime><ModDate>20140403</ModDate><ModTime>16451300</ModTime><ArcGISProfile>ItemDescription</ArcGISProfile></Esri><dataIdInfo><envirDesc Sync="TRUE">Microsoft Windows 7 Version 6.1 (Build 7601) Service Pack 1; Esri ArcGIS 10.1.1.3143</envirDesc><dataLang><languageCode value="eng" Sync="TRUE"/><countryCode value="USA" Sync="TRUE"/></dataLang><idCitation><resTitle Sync="FALSE">Recreation Facilities</resTitle><presForm><PresFormCd value="005" Sync="TRUE"/></presForm></idCitation><spatRpType><SpatRepTypCd value="001" Sync="TRUE"/></spatRpType><idPurp>Location of recreation facilities within the City of Philadelphia that are owned, programed or managed by Philadelphia Parks &amp; Recreation. This layer does not include Older Adult Centers.
Features updated: 12/18/12
Attributes updated: 12/18/12
Metadata updated: 12/19/12
Update frequency: as needed</idPurp><idAbs>&lt;DIV STYLE="text-align:Left;"&gt;&lt;DIV&gt;&lt;DIV&gt;&lt;P&gt;&lt;SPAN&gt;DATA DEVELOPMENT:&lt;/SPAN&gt;&lt;/P&gt;&lt;P&gt;&lt;SPAN&gt;Points were derived by PP&amp;amp;R using the PPR_Boundaries layer in combination with programming information gathered from our website http://www.phila.gov/parksandrecreation/Pages/default.aspx&lt;/SPAN&gt;&lt;/P&gt;&lt;P&gt;&lt;SPAN&gt;KEY ATTRIBUTE FEILDS:&lt;/SPAN&gt;&lt;/P&gt;&lt;P&gt;&lt;SPAN&gt;Name: Name of the recreation facility&lt;/SPAN&gt;&lt;/P&gt;&lt;P&gt;&lt;SPAN&gt;Disrict: Philadelphia Parks &amp;amp; Recreation Departmental District&lt;/SPAN&gt;&lt;/P&gt;&lt;P&gt;&lt;SPAN&gt;Address: Location of the recreation facility&lt;/SPAN&gt;&lt;/P&gt;&lt;P&gt;&lt;SPAN&gt;Zipcode: Zip code of the recreation facility&lt;/SPAN&gt;&lt;/P&gt;&lt;P&gt;&lt;SPAN&gt;Website: Link to more detailed information about the recreation facility&lt;/SPAN&gt;&lt;/P&gt;&lt;P&gt;&lt;SPAN&gt;COORDINATE SYSTEM:&lt;/SPAN&gt;&lt;/P&gt;&lt;P STYLE="margin:0 0 0 0;"&gt;&lt;SPAN&gt;&lt;SPAN&gt;Lambert Conformal Conic, NAD83, PA South Stateplane coordinates, US Foot.&lt;/SPAN&gt;&lt;/SPAN&gt;&lt;/P&gt;&lt;P&gt;&lt;SPAN&gt;THEMATIC MAPPING:&lt;/SPAN&gt;&lt;/P&gt;&lt;P&gt;&lt;SPAN&gt;Use the Name field for thematic mapping and labeling&lt;/SPAN&gt;&lt;/P&gt;&lt;/DIV&gt;&lt;/DIV&gt;&lt;/DIV&gt;</idAbs><idCredit>Nora Dougherty
Geospatial Analyst
Philadelphia Parks &amp; Recreation
1515 Arch Street, 10th Floor, Philadelphia, PA 19102
215-683-0235</idCredit><searchKeys><keyword>Philadelphia Parks &amp; Recreation</keyword><keyword>PP&amp;R</keyword><keyword>City of Philadelphia</keyword><keyword>Recreation Centers</keyword><keyword>Programming</keyword></searchKeys><resConst><Consts><useLimit>&lt;DIV STYLE="text-align:Left;"&gt;&lt;P STYLE="margin:0 0 0 0;"&gt;&lt;SPAN&gt;&lt;SPAN&gt;The City of Philadelphia makes no representation about the accuracy of any specific information in this GIS data and is provided “as is” and without Warranty of any kind.  Boundaries are self-reported.  The user of this data will assume complete responsibility for any and all occurrences resulting from its use or display and will hold the City of Philadelphia harmless from any and all claims, demands, liabilities, obligations, damages, suits, judgments or settlements, including reasonable costs and attorneys' fees, that arise from use of this data.&lt;/SPAN&gt;&lt;/SPAN&gt;&lt;/P&gt;&lt;DIV&gt;&lt;P&gt;&lt;SPAN /&gt;&lt;/P&gt;&lt;/DIV&gt;&lt;/DIV&gt;</useLimit></Consts></resConst></dataIdInfo><mdLang><languageCode value="eng" Sync="TRUE"/><countryCode value="USA" Sync="TRUE"/></mdLang><mdChar><CharSetCd value="004" Sync="TRUE"/></mdChar><distInfo><distFormat><formatName Sync="TRUE">Shapefile</formatName></distFormat><distTranOps><transSize Sync="TRUE">0.000</transSize></distTranOps></distInfo><mdHrLv><ScopeCd value="005" Sync="TRUE"/></mdHrLv><mdHrLvName Sync="TRUE">dataset</mdHrLvName><refSysInfo><RefSystem><refSysID><identCode code="2272" Sync="TRUE" value="2272"/><idCodeSpace Sync="TRUE">EPSG</idCodeSpace><idVersion Sync="TRUE">7.11.2</idVersion></refSysID></RefSystem></refSysInfo><spatRepInfo><VectSpatRep><geometObjs Name="Rec_Facilities_point"><geoObjTyp><GeoObjTypCd value="004" Sync="TRUE"></GeoObjTypCd></geoObjTyp><geoObjCnt Sync="TRUE">0</geoObjCnt></geometObjs><topLvl><TopoLevCd value="001" Sync="TRUE"></TopoLevCd></topLvl></VectSpatRep></spatRepInfo><spdoinfo><ptvctinf><esriterm Name="Rec_Facilities_point"><efeatyp Sync="TRUE">Simple</efeatyp><efeageom code="1" Sync="TRUE"></efeageom><esritopo Sync="TRUE">FALSE</esritopo><efeacnt Sync="TRUE">0</efeacnt><spindex Sync="TRUE">FALSE</spindex><linrefer Sync="TRUE">FALSE</linrefer></esriterm></ptvctinf></spdoinfo><eainfo><detailed Name="Rec_Facilities_point"><enttyp><enttypl Sync="TRUE">Rec_Facilities_point</enttypl><enttypt Sync="TRUE">Feature Class</enttypt><enttypc Sync="TRUE">0</enttypc></enttyp><attr><attrlabl Sync="TRUE">FID</attrlabl><attalias Sync="TRUE">FID</attalias><attrtype Sync="TRUE">OID</attrtype><attwidth Sync="TRUE">4</attwidth><atprecis Sync="TRUE">0</atprecis><attscale Sync="TRUE">0</attscale><attrdef Sync="TRUE">Internal feature number.</attrdef><attrdefs Sync="TRUE">Esri</attrdefs><attrdomv><udom Sync="TRUE">Sequential unique whole numbers that are automatically generated.</udom></attrdomv></attr><attr><attrlabl Sync="TRUE">Shape</attrlabl><attalias Sync="TRUE">Shape</attalias><attrtype Sync="TRUE">Geometry</attrtype><attwidth Sync="TRUE">0</attwidth><atprecis Sync="TRUE">0</atprecis><attscale Sync="TRUE">0</attscale><attrdef Sync="TRUE">Feature geometry.</attrdef><attrdefs Sync="TRUE">ESRI</attrdefs><attrdomv><udom Sync="TRUE">Coordinates defining the features.</udom></attrdomv></attr><attr><attrlabl Sync="TRUE">NAME</attrlabl><attalias Sync="TRUE">NAME</attalias><attrtype Sync="TRUE">String</attrtype><attwidth Sync="TRUE">100</attwidth><atprecis Sync="TRUE">0</atprecis><attscale Sync="TRUE">0</attscale></attr><attr><attrlabl Sync="TRUE">District</attrlabl><attalias Sync="TRUE">DISTRICT</attalias><attrtype Sync="TRUE">Integer</attrtype><attwidth Sync="TRUE">9</attwidth><atprecis Sync="TRUE">9</atprecis><attscale Sync="TRUE">0</attscale></attr><attr><attrlabl Sync="TRUE">ADDRESS</attrlabl><attalias Sync="TRUE">ADDRESS</attalias><attrtype Sync="TRUE">String</attrtype><attwidth Sync="TRUE">50</attwidth><atprecis Sync="TRUE">0</atprecis><attscale Sync="TRUE">0</attscale></attr><attr><attrlabl Sync="TRUE">ZIPCODE</attrlabl><attalias Sync="TRUE">ZIPCODE</attalias><attrtype Sync="TRUE">String</attrtype><attwidth Sync="TRUE">5</attwidth><atprecis Sync="TRUE">0</atprecis><attscale Sync="TRUE">0</attscale></attr><attr><attrlabl Sync="TRUE">website</attrlabl><attalias Sync="TRUE">WEBSITE</attalias><attrtype Sync="TRUE">String</attrtype><attwidth Sync="TRUE">100</attwidth><atprecis Sync="TRUE">0</atprecis><attscale Sync="TRUE">0</attscale></attr></detailed></eainfo><mdDateSt Sync="TRUE">20140403</mdDateSt></metadata>
