<?xml version="1.0" encoding="UTF-8"?>
<metadata xml:lang="en"><Esri><CreaDate>20140326</CreaDate><CreaTime>14115900</CreaTime><ArcGISFormat>1.0</ArcGISFormat><SyncOnce>FALSE</SyncOnce><ModDate>20140326</ModDate><ModTime>14115700</ModTime><ArcGISProfile>ItemDescription</ArcGISProfile><DataProperties><lineage><Process ToolSource="C:\Program Files\ArcGIS\Desktop10.0\ArcToolbox\Toolboxes\Data Management Tools.tbx\CalculateField" Date="20120620" Time="155149" Name="" export="">CalculateField PPR_Buildings_All COMPLEXSTA [STRUCTURE] VB #</Process><Process ToolSource="C:\Program Files\ArcGIS\Desktop10.0\ArcToolbox\Toolboxes\Data Management Tools.tbx\CalculateField" Date="20120621" Time="111333" Name="" export="">CalculateField PPR_Buildings_All historic 1 VB #</Process><Process ToolSource="C:\Program Files\ArcGIS\Desktop10.0\ArcToolbox\Toolboxes\Data Management Tools.tbx\CalculateField" Date="20120709" Time="140728" Name="" export="">CalculateField PPR_Buildings_All historic 1 VB #</Process><Process ToolSource="c:\program files\arcgis\desktop10.0\ArcToolbox\Toolboxes\Data Management Tools.tbx\Merge" Date="20120830" Time="091651" Name="" export="">Merge PPR_Buildings_All;PPR_Boundaries_PPR_Islands_PPR_Assets_Selection_PPR_Assets2012_Merge4 "X:\Projects\Interns\Vanessa\Projects\Recreation of PPRAssets\PPR_Buildings_PPR_UpdatedAssets_Merge.shp" "Map_ID "Map_ID" true true false 6 Long 0 6 ,First,#,PPR_Buildings_All,Map_ID,-1,-1;UniqueID "UniqueID" true true false 9 Long 0 9 ,First,#,PPR_Buildings_All,UniqueID,-1,-1;STRUCTURE "STRUCTURE" true true false 50 Text 0 0 ,First,#,PPR_Buildings_All,STRUCTURE,-1,-1;COMPLEXSTA "COMPLEXSTA" true true false 50 Text 0 0 ,First,#,PPR_Buildings_All,COMPLEXSTA,-1,-1;Address "Address" true true false 100 Text 0 0 ,First,#,PPR_Buildings_All,Address,-1,-1,PPR_Boundaries_PPR_Islands_PPR_Assets_Selection_PPR_Assets2012_Merge4,ADDRESS,-1,-1;Zipcode "Zipcode" true true false 10 Text 0 0 ,First,#,PPR_Buildings_All,Zipcode,-1,-1,PPR_Boundaries_PPR_Islands_PPR_Assets_Selection_PPR_Assets2012_Merge4,ZIPCODE,-1,-1;District "District" true true false 6 Long 0 6 ,First,#,PPR_Buildings_All,District,-1,-1,PPR_Boundaries_PPR_Islands_PPR_Assets_Selection_PPR_Assets2012_Merge4,District,-1,-1;Region "Region" true true false 6 Long 0 6 ,First,#,PPR_Buildings_All,Region,-1,-1,PPR_Boundaries_PPR_Islands_PPR_Assets_Selection_PPR_Assets2012_Merge4,Region,-1,-1;SqFoot "SqFoot" true true false 13 Double 4 12 ,First,#,PPR_Buildings_All,SqFoot,-1,-1;historic "historic" true true false 4 Short 0 4 ,First,#,PPR_Buildings_All,historic,-1,-1;Occup_Hist "Occup_Hist" true true false 19 Double 0 19 ,First,#,PPR_Buildings_All,Occup_Hist,-1,-1;NAME "NAME" true true false 100 Text 0 0 ,First,#,PPR_Boundaries_PPR_Islands_PPR_Assets_Selection_PPR_Assets2012_Merge4,NAME,-1,-1;Allias "Allias" true true false 100 Text 0 0 ,First,#,PPR_Boundaries_PPR_Islands_PPR_Assets_Selection_PPR_Assets2012_Merge4,Allias,-1,-1;ChildOf "ChildOf" true true false 50 Text 0 0 ,First,#,PPR_Boundaries_PPR_Islands_PPR_Assets_Selection_PPR_Assets2012_Merge4,ChildOf,-1,-1;CLASS "CLASS" true true false 20 Text 0 0 ,First,#,PPR_Boundaries_PPR_Islands_PPR_Assets_Selection_PPR_Assets2012_Merge4,CLASS,-1,-1;CHRONOLOGY "CHRONOLOGY" true true false 12 Text 0 0 ,First,#,PPR_Boundaries_PPR_Islands_PPR_Assets_Selection_PPR_Assets2012_Merge4,CHRONOLOGY,-1,-1;big_grid "big_grid" true true false 5 Text 0 0 ,First,#,PPR_Boundaries_PPR_Islands_PPR_Assets_Selection_PPR_Assets2012_Merge4,big_grid,-1,-1;N_S_grid "N_S_grid" true true false 50 Text 0 0 ,First,#,PPR_Boundaries_PPR_Islands_PPR_Assets_Selection_PPR_Assets2012_Merge4,N_S_grid,-1,-1;TYPE "TYPE" true true false 50 Text 0 0 ,First,#,PPR_Boundaries_PPR_Islands_PPR_Assets_Selection_PPR_Assets2012_Merge4,TYPE,-1,-1;OPM "OPM" true true false 10 Text 0 0 ,First,#,PPR_Boundaries_PPR_Islands_PPR_Assets_Selection_PPR_Assets2012_Merge4,OPM,-1,-1;Shape_Leng "Shape_Leng" true true false 19 Double 0 0 ,First,#,PPR_Boundaries_PPR_Islands_PPR_Assets_Selection_PPR_Assets2012_Merge4,Shape_Leng,-1,-1;Acres "Acres" true true false 19 Double 0 0 ,First,#,PPR_Boundaries_PPR_Islands_PPR_Assets_Selection_PPR_Assets2012_Merge4,Acres,-1,-1;Owner "Owner" true true false 50 Text 0 0 ,First,#,PPR_Boundaries_PPR_Islands_PPR_Assets_Selection_PPR_Assets2012_Merge4,Owner,-1,-1;edited "edited" true true false 15 Text 0 0 ,First,#,PPR_Boundaries_PPR_Islands_PPR_Assets_Selection_PPR_Assets2012_Merge4,edited,-1,-1;Shape_Le_1 "Shape_Le_1" true true false 19 Double 0 0 ,First,#,PPR_Boundaries_PPR_Islands_PPR_Assets_Selection_PPR_Assets2012_Merge4,Shape_Le_1,-1,-1;Shape_Area "Shape_Area" true true false 19 Double 0 0 ,First,#,PPR_Boundaries_PPR_Islands_PPR_Assets_Selection_PPR_Assets2012_Merge4,Shape_Area,-1,-1;OBJECTID "OBJECTID" true true false 9 Long 0 9 ,First,#,PPR_Boundaries_PPR_Islands_PPR_Assets_Selection_PPR_Assets2012_Merge4,OBJECTID,-1,-1;Shape_Le_2 "Shape_Le_2" true true false 19 Double 0 0 ,First,#,PPR_Boundaries_PPR_Islands_PPR_Assets_Selection_PPR_Assets2012_Merge4,Shape_Le_2,-1,-1;SpatialJoi "SpatialJoi" true true false 100 Text 0 0 ,First,#,PPR_Boundaries_PPR_Islands_PPR_Assets_Selection_PPR_Assets2012_Merge4,SpatialJoi,-1,-1;Modifier "Modifier" true true false 50 Text 0 0 ,First,#,PPR_Boundaries_PPR_Islands_PPR_Assets_Selection_PPR_Assets2012_Merge4,Modifier,-1,-1;Play_Equip "Play_Equip" true true false 4 Short 0 4 ,First,#,PPR_Boundaries_PPR_Islands_PPR_Assets_Selection_PPR_Assets2012_Merge4,Play_Equip,-1,-1;Old_Dist "Old_Dist" true true false 9 Long 0 9 ,First,#,PPR_Boundaries_PPR_Islands_PPR_Assets_Selection_PPR_Assets2012_Merge4,Old_Dist,-1,-1;ET_ID "ET_ID" true true false 9 Long 0 9 ,First,#,PPR_Boundaries_PPR_Islands_PPR_Assets_Selection_PPR_Assets2012_Merge4,ET_ID,-1,-1;Shape_Le_3 "Shape_Le_3" true true false 19 Double 0 0 ,First,#,PPR_Boundaries_PPR_Islands_PPR_Assets_Selection_PPR_Assets2012_Merge4,Shape_Le_3,-1,-1;PARK "PARK" true true false 50 Text 0 0 ,First,#,PPR_Boundaries_PPR_Islands_PPR_Assets_Selection_PPR_Assets2012_Merge4,PARK,-1,-1;CAP_CODE "CAP_CODE" true true false 5 Text 0 0 ,First,#,PPR_Boundaries_PPR_Islands_PPR_Assets_Selection_PPR_Assets2012_Merge4,CAP_CODE,-1,-1;SITE_NAME "SITE_NAME" true true false 44 Text 0 0 ,First,#,PPR_Boundaries_PPR_Islands_PPR_Assets_Selection_PPR_Assets2012_Merge4,SITE_NAME,-1,-1;Unqu_ID "Unqu_ID" true true false 19 Double 0 0 ,First,#,PPR_Boundaries_PPR_Islands_PPR_Assets_Selection_PPR_Assets2012_Merge4,Unqu_ID,-1,-1;CounclDist "CounclDist" true true false 254 Text 0 0 ,First,#,PPR_Boundaries_PPR_Islands_PPR_Assets_Selection_PPR_Assets2012_Merge4,CounclDist,-1,-1;dist_old "dist_old" true true false 9 Long 0 9 ,First,#,PPR_Boundaries_PPR_Islands_PPR_Assets_Selection_PPR_Assets2012_Merge4,dist_old,-1,-1;Shape_Le_4 "Shape_Le_4" true true false 19 Double 0 0 ,First,#,PPR_Boundaries_PPR_Islands_PPR_Assets_Selection_PPR_Assets2012_Merge4,Shape_Le_4,-1,-1;Latitude "Latitude" true true false 19 Double 0 0 ,First,#,PPR_Boundaries_PPR_Islands_PPR_Assets_Selection_PPR_Assets2012_Merge4,Latitude,-1,-1;Longitude "Longitude" true true false 19 Double 0 0 ,First,#,PPR_Boundaries_PPR_Islands_PPR_Assets_Selection_PPR_Assets2012_Merge4,Longitude,-1,-1;PREV_NAME "PREV_NAME" true true false 50 Text 0 0 ,First,#,PPR_Boundaries_PPR_Islands_PPR_Assets_Selection_PPR_Assets2012_Merge4,PREV_NAME,-1,-1;Shape_Le_5 "Shape_Le_5" true true false 19 Double 0 0 ,First,#,PPR_Boundaries_PPR_Islands_PPR_Assets_Selection_PPR_Assets2012_Merge4,Shape_Le_5,-1,-1"</Process><Process ToolSource="C:\Program Files\ArcGIS\Desktop10.0\ArcToolbox\Toolboxes\Data Management Tools.tbx\CalculateField" Date="20120831" Time="124315" Name="" export="">CalculateField PPR_Buildings_PPR_UpdatedAssets_Merge Object_ID [FID] VB #</Process><Process ToolSource="C:\Program Files\ArcGIS\Desktop10.0\ArcToolbox\Toolboxes\Data Management Tools.tbx\CalculateField" Date="20120831" Time="124827" Name="" export="">CalculateField PPR_Buildings_PPR_UpdatedAssets_Merge ASSET_NAME [STRUCTURE] VB #</Process><Process ToolSource="C:\Program Files\ArcGIS\Desktop10.0\ArcToolbox\Toolboxes\Data Management Tools.tbx\CalculateField" Date="20120831" Time="125358" Name="" export="">CalculateField PPR_Buildings_PPR_UpdatedAssets_Merge ASSET_NAME "[STRUCTURE] + [NAME]" VB #</Process><Process ToolSource="C:\Program Files\ArcGIS\Desktop10.0\ArcToolbox\Toolboxes\Data Management Tools.tbx\CalculateField" Date="20120831" Time="130651" Name="" export="">CalculateField PPR_Buildings_PPR_UpdatedAssets_Merge Allias [PREV_NAME] VB #</Process><Process ToolSource="c:\program files\arcgis\desktop10.0\ArcToolbox\Toolboxes\Conversion Tools.tbx\FeatureClassToFeatureClass" Date="20120831" Time="132939" Name="" export="">FeatureClassToFeatureClass "\\FPCADDC1\GIS Home\Projects\Interns\Vanessa\Projects\Recreation of PPRAssets\PPR_Buildings_PPR_UpdatedAssets_Merge.shp" "X:\Projects\Interns\Vanessa\Projects\Recreation of PPRAssets\PPR_Assets_2012.gdb" PPR_Assets_Creation_31Aug2012 # "UniqueID "UniqueID" true true false 9 Long 0 9 ,First,#,\\FPCADDC1\GIS Home\Projects\Interns\Vanessa\Projects\Recreation of PPRAssets\PPR_Buildings_PPR_UpdatedAssets_Merge.shp,UniqueID,-1,-1;STRUCTURE "STRUCTURE" true true false 50 Text 0 0 ,First,#,\\FPCADDC1\GIS Home\Projects\Interns\Vanessa\Projects\Recreation of PPRAssets\PPR_Buildings_PPR_UpdatedAssets_Merge.shp,STRUCTURE,-1,-1;COMPLEXSTA "COMPLEXSTA" true true false 50 Text 0 0 ,First,#,\\FPCADDC1\GIS Home\Projects\Interns\Vanessa\Projects\Recreation of PPRAssets\PPR_Buildings_PPR_UpdatedAssets_Merge.shp,COMPLEXSTA,-1,-1;Address "Address" true true false 100 Text 0 0 ,First,#,\\FPCADDC1\GIS Home\Projects\Interns\Vanessa\Projects\Recreation of PPRAssets\PPR_Buildings_PPR_UpdatedAssets_Merge.shp,Address,-1,-1;District "District" true true false 6 Long 0 6 ,First,#,\\FPCADDC1\GIS Home\Projects\Interns\Vanessa\Projects\Recreation of PPRAssets\PPR_Buildings_PPR_UpdatedAssets_Merge.shp,District,-1,-1;SqFoot "SqFoot" true true false 13 Double 4 12 ,First,#,\\FPCADDC1\GIS Home\Projects\Interns\Vanessa\Projects\Recreation of PPRAssets\PPR_Buildings_PPR_UpdatedAssets_Merge.shp,SqFoot,-1,-1;historic "historic" true true false 4 Short 0 4 ,First,#,\\FPCADDC1\GIS Home\Projects\Interns\Vanessa\Projects\Recreation of PPRAssets\PPR_Buildings_PPR_UpdatedAssets_Merge.shp,historic,-1,-1;NAME "NAME" true true false 100 Text 0 0 ,First,#,\\FPCADDC1\GIS Home\Projects\Interns\Vanessa\Projects\Recreation of PPRAssets\PPR_Buildings_PPR_UpdatedAssets_Merge.shp,NAME,-1,-1;Allias "Allias" true true false 100 Text 0 0 ,First,#,\\FPCADDC1\GIS Home\Projects\Interns\Vanessa\Projects\Recreation of PPRAssets\PPR_Buildings_PPR_UpdatedAssets_Merge.shp,Allias,-1,-1;ChildOf "ChildOf" true true false 50 Text 0 0 ,First,#,\\FPCADDC1\GIS Home\Projects\Interns\Vanessa\Projects\Recreation of PPRAssets\PPR_Buildings_PPR_UpdatedAssets_Merge.shp,ChildOf,-1,-1;CLASS "CLASS" true true false 20 Text 0 0 ,First,#,\\FPCADDC1\GIS Home\Projects\Interns\Vanessa\Projects\Recreation of PPRAssets\PPR_Buildings_PPR_UpdatedAssets_Merge.shp,CLASS,-1,-1;CHRONOLOGY "CHRONOLOGY" true true false 12 Text 0 0 ,First,#,\\FPCADDC1\GIS Home\Projects\Interns\Vanessa\Projects\Recreation of PPRAssets\PPR_Buildings_PPR_UpdatedAssets_Merge.shp,CHRONOLOGY,-1,-1;TYPE "TYPE" true true false 50 Text 0 0 ,First,#,\\FPCADDC1\GIS Home\Projects\Interns\Vanessa\Projects\Recreation of PPRAssets\PPR_Buildings_PPR_UpdatedAssets_Merge.shp,TYPE,-1,-1;OPM "OPM" true true false 10 Text 0 0 ,First,#,\\FPCADDC1\GIS Home\Projects\Interns\Vanessa\Projects\Recreation of PPRAssets\PPR_Buildings_PPR_UpdatedAssets_Merge.shp,OPM,-1,-1;Shape_Leng "Shape_Leng" true true false 19 Double 0 0 ,First,#,\\FPCADDC1\GIS Home\Projects\Interns\Vanessa\Projects\Recreation of PPRAssets\PPR_Buildings_PPR_UpdatedAssets_Merge.shp,Shape_Leng,-1,-1;Acres "Acres" true true false 19 Double 0 0 ,First,#,\\FPCADDC1\GIS Home\Projects\Interns\Vanessa\Projects\Recreation of PPRAssets\PPR_Buildings_PPR_UpdatedAssets_Merge.shp,Acres,-1,-1;Owner "Owner" true true false 50 Text 0 0 ,First,#,\\FPCADDC1\GIS Home\Projects\Interns\Vanessa\Projects\Recreation of PPRAssets\PPR_Buildings_PPR_UpdatedAssets_Merge.shp,Owner,-1,-1;Shape_Area "Shape_Area" true true false 19 Double 0 0 ,First,#,\\FPCADDC1\GIS Home\Projects\Interns\Vanessa\Projects\Recreation of PPRAssets\PPR_Buildings_PPR_UpdatedAssets_Merge.shp,Shape_Area,-1,-1;Modifier "Modifier" true true false 50 Text 0 0 ,First,#,\\FPCADDC1\GIS Home\Projects\Interns\Vanessa\Projects\Recreation of PPRAssets\PPR_Buildings_PPR_UpdatedAssets_Merge.shp,Modifier,-1,-1;Play_Equip "Play_Equip" true true false 4 Short 0 4 ,First,#,\\FPCADDC1\GIS Home\Projects\Interns\Vanessa\Projects\Recreation of PPRAssets\PPR_Buildings_PPR_UpdatedAssets_Merge.shp,Play_Equip,-1,-1;SITE_NAME "SITE_NAME" true true false 44 Text 0 0 ,First,#,\\FPCADDC1\GIS Home\Projects\Interns\Vanessa\Projects\Recreation of PPRAssets\PPR_Buildings_PPR_UpdatedAssets_Merge.shp,SITE_NAME,-1,-1;CounclDist "CounclDist" true true false 254 Text 0 0 ,First,#,\\FPCADDC1\GIS Home\Projects\Interns\Vanessa\Projects\Recreation of PPRAssets\PPR_Buildings_PPR_UpdatedAssets_Merge.shp,CounclDist,-1,-1;dist_old "dist_old" true true false 9 Long 0 9 ,First,#,\\FPCADDC1\GIS Home\Projects\Interns\Vanessa\Projects\Recreation of PPRAssets\PPR_Buildings_PPR_UpdatedAssets_Merge.shp,dist_old,-1,-1;Latitude "Latitude" true true false 19 Double 0 0 ,First,#,\\FPCADDC1\GIS Home\Projects\Interns\Vanessa\Projects\Recreation of PPRAssets\PPR_Buildings_PPR_UpdatedAssets_Merge.shp,Latitude,-1,-1;Longitude "Longitude" true true false 19 Double 0 0 ,First,#,\\FPCADDC1\GIS Home\Projects\Interns\Vanessa\Projects\Recreation of PPRAssets\PPR_Buildings_PPR_UpdatedAssets_Merge.shp,Longitude,-1,-1;Object_ID "Object_ID" true true false 4 Short 0 4 ,First,#,\\FPCADDC1\GIS Home\Projects\Interns\Vanessa\Projects\Recreation of PPRAssets\PPR_Buildings_PPR_UpdatedAssets_Merge.shp,Object_ID,-1,-1;ASSET_NAME "ASSET_NAME" true true false 50 Text 0 0 ,First,#,\\FPCADDC1\GIS Home\Projects\Interns\Vanessa\Projects\Recreation of PPRAssets\PPR_Buildings_PPR_UpdatedAssets_Merge.shp,ASSET_NAME,-1,-1;GROUP "GROUP" true true false 25 Text 0 0 ,First,#,\\FPCADDC1\GIS Home\Projects\Interns\Vanessa\Projects\Recreation of PPRAssets\PPR_Buildings_PPR_UpdatedAssets_Merge.shp,GROUP,-1,-1;USE "USE" true true false 25 Text 0 0 ,First,#,\\FPCADDC1\GIS Home\Projects\Interns\Vanessa\Projects\Recreation of PPRAssets\PPR_Buildings_PPR_UpdatedAssets_Merge.shp,USE,-1,-1;DESCRIP "DESCRIP" true true false 50 Text 0 0 ,First,#,\\FPCADDC1\GIS Home\Projects\Interns\Vanessa\Projects\Recreation of PPRAssets\PPR_Buildings_PPR_UpdatedAssets_Merge.shp,DESCRIP,-1,-1;COURTS "COURTS" true true false 25 Text 0 0 ,First,#,\\FPCADDC1\GIS Home\Projects\Interns\Vanessa\Projects\Recreation of PPRAssets\PPR_Buildings_PPR_UpdatedAssets_Merge.shp,COURTS,-1,-1;FIELDS "FIELDS" true true false 25 Text 0 0 ,First,#,\\FPCADDC1\GIS Home\Projects\Interns\Vanessa\Projects\Recreation of PPRAssets\PPR_Buildings_PPR_UpdatedAssets_Merge.shp,FIELDS,-1,-1;MAIN_BY "MAIN_BY" true true false 25 Text 0 0 ,First,#,\\FPCADDC1\GIS Home\Projects\Interns\Vanessa\Projects\Recreation of PPRAssets\PPR_Buildings_PPR_UpdatedAssets_Merge.shp,MAIN_BY,-1,-1;EDITED_BY "EDITED_BY" true true false 25 Text 0 0 ,First,#,\\FPCADDC1\GIS Home\Projects\Interns\Vanessa\Projects\Recreation of PPRAssets\PPR_Buildings_PPR_UpdatedAssets_Merge.shp,EDITED_BY,-1,-1" #</Process><Process ToolSource="C:\Program Files\ArcGIS\Desktop10.0\ArcToolbox\Toolboxes\Data Management Tools.tbx\CalculateField" Date="20120831" Time="143845" Name="" export="">CalculateField PPR_Assets_Creation_31Aug2012 EDITED_BY "Vanessa Miller 31Aug2012" VB #</Process><Process ToolSource="C:\Program Files\ArcGIS\Desktop10.0\ArcToolbox\Toolboxes\Data Management Tools.tbx\CalculateField" Date="20120831" Time="144106" Name="" export="">CalculateField PPR_Assets_Creation_31Aug2012 MAIN_BY "PPR" VB #</Process><Process ToolSource="C:\Program Files\ArcGIS\Desktop10.0\ArcToolbox\Toolboxes\Data Management Tools.tbx\CalculateField" Date="20120831" Time="144205" Name="" export="">CalculateField PPR_Assets_Creation_31Aug2012 Playground_Equ "Single" VB #</Process><Process ToolSource="C:\Program Files\ArcGIS\Desktop10.0\ArcToolbox\Toolboxes\Data Management Tools.tbx\CalculateField" Date="20120831" Time="144222" Name="" export="">CalculateField PPR_Assets_Creation_31Aug2012 Playground_Equ "Both" VB #</Process><Process ToolSource="C:\Program Files\ArcGIS\Desktop10.0\ArcToolbox\Toolboxes\Data Management Tools.tbx\CalculateField" Date="20120831" Time="144250" Name="" export="">CalculateField PPR_Assets_Creation_31Aug2012 Playground_Equ "Both" VB #</Process><Process ToolSource="C:\Program Files\ArcGIS\Desktop10.0\ArcToolbox\Toolboxes\Data Management Tools.tbx\CalculateField" Date="20120904" Time="110409" Name="" export="">CalculateField PPR_Assets_Creation_31Aug2012 FIELDS "None" VB #</Process><Process ToolSource="C:\Program Files\ArcGIS\Desktop10.0\ArcToolbox\Toolboxes\Data Management Tools.tbx\CalculateField" Date="20120904" Time="114117" Name="" export="">CalculateField PPR_Assets_Creation_31Aug2012 COURTS "None" VB #</Process><Process ToolSource="C:\Program Files\ArcGIS\Desktop10.0\ArcToolbox\Toolboxes\Data Management Tools.tbx\CalculateField" Date="20120904" Time="115656" Name="" export="">CalculateField PPR_Assets_Creation_31Aug2012 POOL "None" VB #</Process><Process ToolSource="C:\Program Files\ArcGIS\Desktop10.0\ArcToolbox\Toolboxes\Data Management Tools.tbx\CalculateField" Date="20120906" Time="084930" Name="" export="">CalculateField PPR_Assets_Creation_31Aug2012 Type_1 "Building" VB #</Process><Process ToolSource="C:\Program Files\ArcGIS\Desktop10.0\ArcToolbox\Toolboxes\Data Management Tools.tbx\CalculateField" Date="20120906" Time="085001" Name="" export="">CalculateField PPR_Assets_Creation_31Aug2012 Type_1 "Land" VB #</Process><Process ToolSource="C:\Program Files\ArcGIS\Desktop10.0\ArcToolbox\Toolboxes\Data Management Tools.tbx\CalculateField" Date="20120906" Time="110433" Name="" export="">CalculateField PPR_Assets_Creation_31Aug2012 DESCRIP "Historic House" VB #</Process><Process ToolSource="C:\Program Files\ArcGIS\Desktop10.0\ArcToolbox\Toolboxes\Data Management Tools.tbx\CalculateField" Date="20120906" Time="110712" Name="" export="">CalculateField PPR_Assets_Creation_31Aug2012 USE "Lot\Breezeway\Island" VB #</Process><Process ToolSource="C:\Program Files\ArcGIS\Desktop10.0\ArcToolbox\Toolboxes\Data Management Tools.tbx\CalculateField" Date="20120906" Time="110748" Name="" export="">CalculateField PPR_Assets_Creation_31Aug2012 USE "Lot\Breezeway\Island" VB #</Process><Process ToolSource="C:\Program Files\ArcGIS\Desktop10.0\ArcToolbox\Toolboxes\Data Management Tools.tbx\CalculateField" Date="20120907" Time="113645" Name="" export="">CalculateField PPR_Assets_Creation_31Aug2012 DESCRIP "Historic Building" VB #</Process><Process ToolSource="C:\Program Files\ArcGIS\Desktop10.0\ArcToolbox\Toolboxes\Data Management Tools.tbx\CalculateField" Date="20120907" Time="114155" Name="" export="">CalculateField PPR_Assets_Creation_31Aug2012 GROUP "Parks &amp; Recreation" VB #</Process><Process ToolSource="C:\Program Files\ArcGIS\Desktop10.0\ArcToolbox\Toolboxes\Data Management Tools.tbx\CalculateField" Date="20120907" Time="114905" Name="" export="">CalculateField PPR_Assets_Creation_31Aug2012 Playground_Equ "None" VB #</Process><Process ToolSource="C:\Program Files\ArcGIS\Desktop10.0\ArcToolbox\Toolboxes\Data Management Tools.tbx\CalculateField" Date="20120907" Time="153328" Name="" export="">CalculateField PPR_Assets_Creation_31Aug2012 Other_Owner [Owner] VB #</Process><Process ToolSource="C:\Program Files\ArcGIS\Desktop10.0\ArcToolbox\Toolboxes\Data Management Tools.tbx\CalculateField" Date="20120907" Time="160453" Name="" export="">CalculateField PPR_Assets_Creation_31Aug2012 OWNER "PPR" VB #</Process><Process ToolSource="C:\Program Files\ArcGIS\Desktop10.0\ArcToolbox\Toolboxes\Data Management Tools.tbx\CalculateField" Date="20120907" Time="160523" Name="" export="">CalculateField PPR_Assets_Creation_31Aug2012 OWNER "?" VB #</Process><Process ToolSource="C:\Program Files\ArcGIS\Desktop10.0\ArcToolbox\Toolboxes\Data Management Tools.tbx\CalculateField" Date="20120913" Time="130909" Name="" export="">CalculateField PPR_Assets_Creation_31Aug2012 SITE_NAME [ASSET_NAME] VB #</Process><Process ToolSource="C:\Program Files\ArcGIS\Desktop10.0\ArcToolbox\Toolboxes\Data Management Tools.tbx\CalculateField" Date="20120918" Time="115859" Name="" export="">CalculateField PPR_Assets_Creation_31Aug2012 Playground_Equ "Both" VB #</Process><Process ToolSource="C:\Program Files\ArcGIS\Desktop10.0\ArcToolbox\Toolboxes\Data Management Tools.tbx\CalculateField" Date="20120928" Time="161009" Name="" export="">CalculateField PPR_Assets_Creation_31Aug2012 OPA_Owner "&lt;Null&gt;" VB #</Process><Process ToolSource="C:\Program Files\ArcGIS\Desktop10.0\ArcToolbox\Toolboxes\Data Management Tools.tbx\CalculateField" Date="20121101" Time="091600" Name="" export="">CalculateField PPR_Assets_Creation_31Aug2012 Former_Dept J2 VB #</Process><Process ToolSource="C:\Program Files\ArcGIS\Desktop10.0\ArcToolbox\Toolboxes\Data Management Tools.tbx\CalculateField" Date="20121101" Time="091626" Name="" export="">CalculateField PPR_Assets_Creation_31Aug2012 Former_Dept "Dept of Recreation" VB #</Process><Process ToolSource="C:\Program Files\ArcGIS\Desktop10.0\ArcToolbox\Toolboxes\Data Management Tools.tbx\CalculateField" Date="20121101" Time="092133" Name="" export="">CalculateField PPR_Assets_Creation_31Aug2012 Former_Dept "&lt;Null&gt;" VB #</Process><Process ToolSource="C:\Program Files\ArcGIS\Desktop10.0\ArcToolbox\Toolboxes\Data Management Tools.tbx\CalculateField" Date="20121101" Time="113211" Name="" export="">CalculateField PPR_Assets_Creation_31Aug2012 Date_Edited "1Nov2012" VB #</Process><Process ToolSource="C:\Program Files\ArcGIS\Desktop10.0\ArcToolbox\Toolboxes\Data Management Tools.tbx\CalculateField" Date="20121101" Time="113227" Name="" export="">CalculateField PPR_Assets_Creation_31Aug2012 EDITED_BY "" VB #</Process><Process ToolSource="C:\Program Files\ArcGIS\Desktop10.0\ArcToolbox\Toolboxes\Data Management Tools.tbx\CalculateField" Date="20121101" Time="113727" Name="" export="">CalculateField PPR_Assets_Creation_31Aug2012 Edited_By "Vanessa Miller" VB #</Process><Process ToolSource="C:\Program Files\ArcGIS\Desktop10.0\ArcToolbox\Toolboxes\Data Management Tools.tbx\CalculateField" Date="20121101" Time="115429" Name="" export="">CalculateField PPR_Assets_Creation_31Aug2012 Zipcodes "19116" VB #</Process><Process ToolSource="C:\Program Files\ArcGIS\Desktop10.0\ArcToolbox\Toolboxes\Data Management Tools.tbx\CalculateField" Date="20121101" Time="115601" Name="" export="">CalculateField PPR_Assets_Creation_31Aug2012 Zipcodes "19154" VB #</Process><Process ToolSource="C:\Program Files\ArcGIS\Desktop10.0\ArcToolbox\Toolboxes\Data Management Tools.tbx\CalculateField" Date="20121101" Time="120018" Name="" export="">CalculateField PPR_Assets_Creation_31Aug2012 Zipcodes "19115" VB #</Process><Process ToolSource="C:\Program Files\ArcGIS\Desktop10.0\ArcToolbox\Toolboxes\Data Management Tools.tbx\CalculateField" Date="20121101" Time="120053" Name="" export="">CalculateField PPR_Assets_Creation_31Aug2012 Zipcodes "19114" VB #</Process><Process ToolSource="C:\Program Files\ArcGIS\Desktop10.0\ArcToolbox\Toolboxes\Data Management Tools.tbx\CalculateField" Date="20121101" Time="120200" Name="" export="">CalculateField PPR_Assets_Creation_31Aug2012 Zipcodes "19136" VB #</Process><Process ToolSource="C:\Program Files\ArcGIS\Desktop10.0\ArcToolbox\Toolboxes\Data Management Tools.tbx\CalculateField" Date="20121101" Time="120251" Name="" export="">CalculateField PPR_Assets_Creation_31Aug2012 Zipcodes "19152" VB #</Process><Process ToolSource="C:\Program Files\ArcGIS\Desktop10.0\ArcToolbox\Toolboxes\Data Management Tools.tbx\CalculateField" Date="20121101" Time="120343" Name="" export="">CalculateField PPR_Assets_Creation_31Aug2012 Zipcodes "19111" VB #</Process><Process ToolSource="C:\Program Files\ArcGIS\Desktop10.0\ArcToolbox\Toolboxes\Data Management Tools.tbx\CalculateField" Date="20121101" Time="120421" Name="" export="">CalculateField PPR_Assets_Creation_31Aug2012 Zipcodes "19149" VB #</Process><Process ToolSource="C:\Program Files\ArcGIS\Desktop10.0\ArcToolbox\Toolboxes\Data Management Tools.tbx\CalculateField" Date="20121101" Time="120507" Name="" export="">CalculateField PPR_Assets_Creation_31Aug2012 Zipcodes "19135" VB #</Process><Process ToolSource="C:\Program Files\ArcGIS\Desktop10.0\ArcToolbox\Toolboxes\Data Management Tools.tbx\CalculateField" Date="20121101" Time="121850" Name="" export="">CalculateField PPR_Assets_Creation_31Aug2012 Zipcodes "19124" VB #</Process><Process ToolSource="C:\Program Files\ArcGIS\Desktop10.0\ArcToolbox\Toolboxes\Data Management Tools.tbx\CalculateField" Date="20121101" Time="121950" Name="" export="">CalculateField PPR_Assets_Creation_31Aug2012 Zipcodes "19120" VB #</Process><Process ToolSource="C:\Program Files\ArcGIS\Desktop10.0\ArcToolbox\Toolboxes\Data Management Tools.tbx\CalculateField" Date="20121101" Time="122059" Name="" export="">CalculateField PPR_Assets_Creation_31Aug2012 Zipcodes "19138" VB #</Process><Process ToolSource="C:\Program Files\ArcGIS\Desktop10.0\ArcToolbox\Toolboxes\Data Management Tools.tbx\CalculateField" Date="20121101" Time="122223" Name="" export="">CalculateField PPR_Assets_Creation_31Aug2012 Zipcodes "19141" VB #</Process><Process ToolSource="C:\Program Files\ArcGIS\Desktop10.0\ArcToolbox\Toolboxes\Data Management Tools.tbx\CalculateField" Date="20121101" Time="122329" Name="" export="">CalculateField PPR_Assets_Creation_31Aug2012 Zipcodes "19144" VB #</Process><Process ToolSource="C:\Program Files\ArcGIS\Desktop10.0\ArcToolbox\Toolboxes\Data Management Tools.tbx\CalculateField" Date="20121101" Time="122417" Name="" export="">CalculateField PPR_Assets_Creation_31Aug2012 Zipcodes "19119" VB #</Process><Process ToolSource="C:\Program Files\ArcGIS\Desktop10.0\ArcToolbox\Toolboxes\Data Management Tools.tbx\CalculateField" Date="20121101" Time="122445" Name="" export="">CalculateField PPR_Assets_Creation_31Aug2012 Zipcodes "19118" VB #</Process><Process ToolSource="C:\Program Files\ArcGIS\Desktop10.0\ArcToolbox\Toolboxes\Data Management Tools.tbx\CalculateField" Date="20121101" Time="122603" Name="" export="">CalculateField PPR_Assets_Creation_31Aug2012 Zipcodes "19129" VB #</Process><Process ToolSource="C:\Program Files\ArcGIS\Desktop10.0\ArcToolbox\Toolboxes\Data Management Tools.tbx\CalculateField" Date="20121101" Time="122913" Name="" export="">CalculateField PPR_Assets_Creation_31Aug2012 Zipcodes "19128" VB #</Process><Process ToolSource="C:\Program Files\ArcGIS\Desktop10.0\ArcToolbox\Toolboxes\Data Management Tools.tbx\CalculateField" Date="20121101" Time="123011" Name="" export="">CalculateField PPR_Assets_Creation_31Aug2012 Zipcodes "19129" VB #</Process><Process ToolSource="C:\Program Files\ArcGIS\Desktop10.0\ArcToolbox\Toolboxes\Data Management Tools.tbx\CalculateField" Date="20121101" Time="123046" Name="" export="">CalculateField PPR_Assets_Creation_31Aug2012 Zipcodes "19140" VB #</Process><Process ToolSource="C:\Program Files\ArcGIS\Desktop10.0\ArcToolbox\Toolboxes\Data Management Tools.tbx\CalculateField" Date="20121101" Time="123125" Name="" export="">CalculateField PPR_Assets_Creation_31Aug2012 Zipcodes "19134" VB #</Process><Process ToolSource="C:\Program Files\ArcGIS\Desktop10.0\ArcToolbox\Toolboxes\Data Management Tools.tbx\CalculateField" Date="20121101" Time="123218" Name="" export="">CalculateField PPR_Assets_Creation_31Aug2012 Zipcodes "19133" VB #</Process><Process ToolSource="C:\Program Files\ArcGIS\Desktop10.0\ArcToolbox\Toolboxes\Data Management Tools.tbx\CalculateField" Date="20121101" Time="123238" Name="" export="">CalculateField PPR_Assets_Creation_31Aug2012 Zipcodes "19125" VB #</Process><Process ToolSource="C:\Program Files\ArcGIS\Desktop10.0\ArcToolbox\Toolboxes\Data Management Tools.tbx\CalculateField" Date="20121101" Time="123407" Name="" export="">CalculateField PPR_Assets_Creation_31Aug2012 Zipcodes "19132" VB #</Process><Process ToolSource="C:\Program Files\ArcGIS\Desktop10.0\ArcToolbox\Toolboxes\Data Management Tools.tbx\CalculateField" Date="20121101" Time="123837" Name="" export="">CalculateField PPR_Assets_Creation_31Aug2012 Zipcodes "19122" VB #</Process><Process ToolSource="C:\Program Files\ArcGIS\Desktop10.0\ArcToolbox\Toolboxes\Data Management Tools.tbx\CalculateField" Date="20121101" Time="123927" Name="" export="">CalculateField PPR_Assets_Creation_31Aug2012 Zipcodes "19121" VB #</Process><Process ToolSource="C:\Program Files\ArcGIS\Desktop10.0\ArcToolbox\Toolboxes\Data Management Tools.tbx\CalculateField" Date="20121101" Time="124050" Name="" export="">CalculateField PPR_Assets_Creation_31Aug2012 Zipcodes "19131" VB #</Process><Process ToolSource="C:\Program Files\ArcGIS\Desktop10.0\ArcToolbox\Toolboxes\Data Management Tools.tbx\CalculateField" Date="20121101" Time="124219" Name="" export="">CalculateField PPR_Assets_Creation_31Aug2012 Zipcodes "19151" VB #</Process><Process ToolSource="C:\Program Files\ArcGIS\Desktop10.0\ArcToolbox\Toolboxes\Data Management Tools.tbx\CalculateField" Date="20121101" Time="124342" Name="" export="">CalculateField PPR_Assets_Creation_31Aug2012 Zipcodes "19139" VB #</Process><Process ToolSource="C:\Program Files\ArcGIS\Desktop10.0\ArcToolbox\Toolboxes\Data Management Tools.tbx\CalculateField" Date="20121101" Time="124416" Name="" export="">CalculateField PPR_Assets_Creation_31Aug2012 Zipcodes "19104" VB #</Process><Process ToolSource="C:\Program Files\ArcGIS\Desktop10.0\ArcToolbox\Toolboxes\Data Management Tools.tbx\CalculateField" Date="20121101" Time="124523" Name="" export="">CalculateField PPR_Assets_Creation_31Aug2012 Zipcodes "19130" VB #</Process><Process ToolSource="C:\Program Files\ArcGIS\Desktop10.0\ArcToolbox\Toolboxes\Data Management Tools.tbx\CalculateField" Date="20121101" Time="124557" Name="" export="">CalculateField PPR_Assets_Creation_31Aug2012 Zipcodes "19123" VB #</Process><Process ToolSource="C:\Program Files\ArcGIS\Desktop10.0\ArcToolbox\Toolboxes\Data Management Tools.tbx\CalculateField" Date="20121101" Time="124722" Name="" export="">CalculateField PPR_Assets_Creation_31Aug2012 Zipcodes "19103" VB #</Process><Process ToolSource="C:\Program Files\ArcGIS\Desktop10.0\ArcToolbox\Toolboxes\Data Management Tools.tbx\CalculateField" Date="20121101" Time="124922" Name="" export="">CalculateField PPR_Assets_Creation_31Aug2012 Zipcodes "19106" VB #</Process><Process ToolSource="C:\Program Files\ArcGIS\Desktop10.0\ArcToolbox\Toolboxes\Data Management Tools.tbx\CalculateField" Date="20121101" Time="124951" Name="" export="">CalculateField PPR_Assets_Creation_31Aug2012 Zipcodes "19147" VB #</Process><Process ToolSource="C:\Program Files\ArcGIS\Desktop10.0\ArcToolbox\Toolboxes\Data Management Tools.tbx\CalculateField" Date="20121101" Time="125024" Name="" export="">CalculateField PPR_Assets_Creation_31Aug2012 Zipcodes "19146" VB #</Process><Process ToolSource="C:\Program Files\ArcGIS\Desktop10.0\ArcToolbox\Toolboxes\Data Management Tools.tbx\CalculateField" Date="20121101" Time="125058" Name="" export="">CalculateField PPR_Assets_Creation_31Aug2012 Zipcodes "19148" VB #</Process><Process ToolSource="C:\Program Files\ArcGIS\Desktop10.0\ArcToolbox\Toolboxes\Data Management Tools.tbx\CalculateField" Date="20121101" Time="125134" Name="" export="">CalculateField PPR_Assets_Creation_31Aug2012 Zipcodes "19145" VB #</Process><Process ToolSource="C:\Program Files\ArcGIS\Desktop10.0\ArcToolbox\Toolboxes\Data Management Tools.tbx\CalculateField" Date="20121101" Time="125201" Name="" export="">CalculateField PPR_Assets_Creation_31Aug2012 Zipcodes "19153" VB #</Process><Process ToolSource="C:\Program Files\ArcGIS\Desktop10.0\ArcToolbox\Toolboxes\Data Management Tools.tbx\CalculateField" Date="20121101" Time="125252" Name="" export="">CalculateField PPR_Assets_Creation_31Aug2012 Zipcodes "19142" VB #</Process><Process ToolSource="C:\Program Files\ArcGIS\Desktop10.0\ArcToolbox\Toolboxes\Data Management Tools.tbx\CalculateField" Date="20121101" Time="125308" Name="" export="">CalculateField PPR_Assets_Creation_31Aug2012 Zipcodes "19143" VB #</Process><Process ToolSource="C:\Program Files\ArcGIS\Desktop10.0\ArcToolbox\Toolboxes\Data Management Tools.tbx\CalculateField" Date="20121101" Time="125422" Name="" export="">CalculateField PPR_Assets_Creation_31Aug2012 Zipcodes "19111" VB #</Process><Process ToolSource="C:\Program Files\ArcGIS\Desktop10.0\ArcToolbox\Toolboxes\Data Management Tools.tbx\CalculateField" Date="20121102" Time="162042" Name="" export="">CalculateField PPR_Assets_Creation_31Aug2012 OWNER "I2" VB #</Process><Process ToolSource="C:\Program Files\ArcGIS\Desktop10.0\ArcToolbox\Toolboxes\Data Management Tools.tbx\CalculateField" Date="20121106" Time="092744" Name="" export="">CalculateField PPR_Assets_Creation_31Aug2012 OWNER I14 VB #</Process><Process ToolSource="C:\Program Files\ArcGIS\Desktop10.0\ArcToolbox\Toolboxes\Data Management Tools.tbx\CalculateField" Date="20121106" Time="092821" Name="" export="">CalculateField PPR_Assets_Creation_31Aug2012 OWNER "I4" VB #</Process><Process ToolSource="C:\Program Files\ArcGIS\Desktop10.0\ArcToolbox\Toolboxes\Data Management Tools.tbx\CalculateField" Date="20121218" Time="104130" Name="" export="">CalculateField PPR_Assets_17Dec2012 Spray_Grounds "L2" VB #</Process><Process ToolSource="C:\Program Files\ArcGIS\Desktop10.0\ArcToolbox\Toolboxes\Data Management Tools.tbx\CalculateField" Date="20121219" Time="125941" Name="" export="">CalculateField PPR_Assets_17Dec2012 Date_Edited "19Dec2012" VB #</Process><Process ToolSource="C:\Program Files\ArcGIS\Desktop10.0\ArcToolbox\Toolboxes\Data Management Tools.tbx\CalculateField" Date="20121219" Time="131629" Name="" export="">CalculateField PPR_Assets_19Dec2012 Type [Type_1] VB #</Process><Process ToolSource="C:\Program Files\ArcGIS\Desktop10.0\ArcToolbox\Toolboxes\Data Management Tools.tbx\CalculateField" Date="20121219" Time="131901" Name="" export="">CalculateField PPR_Assets_19Dec2012 Asset_Name1 [ASSET_NAME] VB #</Process><Process ToolSource="C:\Program Files\ArcGIS\Desktop10.0\ArcToolbox\Toolboxes\Data Management Tools.tbx\CalculateField" Date="20121219" Time="131932" Name="" export="">CalculateField PPR_Assets_19Dec2012 Site_Name1 [SITE_NAME] VB #</Process><Process ToolSource="C:\Program Files\ArcGIS\Desktop10.0\ArcToolbox\Toolboxes\Data Management Tools.tbx\CalculateField" Date="20121219" Time="132016" Name="" export="">CalculateField PPR_Assets_19Dec2012 ChildOf1 [ChildOf] VB #</Process><Process ToolSource="C:\Program Files\ArcGIS\Desktop10.0\ArcToolbox\Toolboxes\Data Management Tools.tbx\CalculateField" Date="20121219" Time="132210" Name="" export="">CalculateField PPR_Assets_19Dec2012 Address1 [Address] VB #</Process><Process ToolSource="C:\Program Files\ArcGIS\Desktop10.0\ArcToolbox\Toolboxes\Data Management Tools.tbx\CalculateField" Date="20121219" Time="132859" Name="" export="">CalculateField PPR_Assets_19Dec2012 Use1 [USE] VB #</Process><Process ToolSource="C:\Program Files\ArcGIS\Desktop10.0\ArcToolbox\Toolboxes\Data Management Tools.tbx\CalculateField" Date="20121219" Time="133002" Name="" export="">CalculateField PPR_Assets_19Dec2012 Description1 [DESCRIP] VB #</Process><Process ToolSource="C:\Program Files\ArcGIS\Desktop10.0\ArcToolbox\Toolboxes\Data Management Tools.tbx\CalculateField" Date="20121219" Time="133038" Name="" export="">CalculateField PPR_Assets_19Dec2012 Sq_Feet1 [Sq_Feet1] VB #</Process><Process ToolSource="C:\Program Files\ArcGIS\Desktop10.0\ArcToolbox\Toolboxes\Data Management Tools.tbx\CalculateField" Date="20121219" Time="133233" Name="" export="">CalculateField PPR_Assets_19Dec2012 Fields1 [FIELDS] VB #</Process><Process ToolSource="C:\Program Files\ArcGIS\Desktop10.0\ArcToolbox\Toolboxes\Data Management Tools.tbx\CalculateField" Date="20121219" Time="133312" Name="" export="">CalculateField PPR_Assets_19Dec2012 Courts1 [COURTS] VB #</Process><Process ToolSource="C:\Program Files\ArcGIS\Desktop10.0\ArcToolbox\Toolboxes\Data Management Tools.tbx\CalculateField" Date="20121219" Time="133347" Name="" export="">CalculateField PPR_Assets_19Dec2012 PlayEquip1 [Playground_Equ] VB #</Process><Process ToolSource="C:\Program Files\ArcGIS\Desktop10.0\ArcToolbox\Toolboxes\Data Management Tools.tbx\CalculateField" Date="20121219" Time="133423" Name="" export="">CalculateField PPR_Assets_19Dec2012 Spray_Grounds1 [Spray_Grounds] VB #</Process><Process ToolSource="C:\Program Files\ArcGIS\Desktop10.0\ArcToolbox\Toolboxes\Data Management Tools.tbx\CalculateField" Date="20121219" Time="133454" Name="" export="">CalculateField PPR_Assets_19Dec2012 Pool1 [POOL] VB #</Process><Process ToolSource="C:\Program Files\ArcGIS\Desktop10.0\ArcToolbox\Toolboxes\Data Management Tools.tbx\CalculateField" Date="20121219" Time="133602" Name="" export="">CalculateField PPR_Assets_19Dec2012 Formerdept1 [Former_Dept] VB #</Process><Process ToolSource="C:\Program Files\ArcGIS\Desktop10.0\ArcToolbox\Toolboxes\Data Management Tools.tbx\CalculateField" Date="20121219" Time="133636" Name="" export="">CalculateField PPR_Assets_19Dec2012 Mainby1 [MAIN_BY] VB #</Process><Process ToolSource="C:\Program Files\ArcGIS\Desktop10.0\ArcToolbox\Toolboxes\Data Management Tools.tbx\CalculateField" Date="20121219" Time="133709" Name="" export="">CalculateField PPR_Assets_19Dec2012 Owner1 [OWNER] VB #</Process><Process ToolSource="C:\Program Files\ArcGIS\Desktop10.0\ArcToolbox\Toolboxes\Data Management Tools.tbx\CalculateField" Date="20121219" Time="133750" Name="" export="">CalculateField PPR_Assets_19Dec2012 CPO_Owner1 [CPO_Owner] VB #</Process><Process ToolSource="C:\Program Files\ArcGIS\Desktop10.0\ArcToolbox\Toolboxes\Data Management Tools.tbx\CalculateField" Date="20121219" Time="134054" Name="" export="">CalculateField PPR_Assets_19Dec2012 Other_Owner1 [Other_Owner] VB #</Process><Process ToolSource="C:\Program Files\ArcGIS\Desktop10.0\ArcToolbox\Toolboxes\Data Management Tools.tbx\CalculateField" Date="20121219" Time="134119" Name="" export="">CalculateField PPR_Assets_19Dec2012 OPM1 [OPM] VB #</Process><Process ToolSource="C:\Program Files\ArcGIS\Desktop10.0\ArcToolbox\Toolboxes\Data Management Tools.tbx\CalculateField" Date="20121219" Time="134205" Name="" export="">CalculateField PPR_Assets_19Dec2012 Council_Dist1 [CounclDist] VB #</Process><Process ToolSource="C:\Program Files\ArcGIS\Desktop10.0\ArcToolbox\Toolboxes\Data Management Tools.tbx\CalculateField" Date="20121219" Time="134240" Name="" export="">CalculateField PPR_Assets_19Dec2012 District1 [District] VB #</Process><Process ToolSource="C:\Program Files\ArcGIS\Desktop10.0\ArcToolbox\Toolboxes\Data Management Tools.tbx\CalculateField" Date="20121219" Time="134312" Name="" export="">CalculateField PPR_Assets_19Dec2012 Zipcodes1 [Zipcodes] VB #</Process><Process ToolSource="C:\Program Files\ArcGIS\Desktop10.0\ArcToolbox\Toolboxes\Data Management Tools.tbx\CalculateField" Date="20121219" Time="134405" Name="" export="">CalculateField PPR_Assets_19Dec2012 Allias1 [Allias] VB #</Process><Process ToolSource="C:\Program Files\ArcGIS\Desktop10.0\ArcToolbox\Toolboxes\Data Management Tools.tbx\CalculateField" Date="20121219" Time="134414" Name="" export="">CalculateField PPR_Assets_19Dec2012 Chronology1 [CHRONOLOGY] VB #</Process><Process ToolSource="C:\Program Files\ArcGIS\Desktop10.0\ArcToolbox\Toolboxes\Data Management Tools.tbx\CalculateField" Date="20121219" Time="134515" Name="" export="">CalculateField PPR_Assets_19Dec2012 Date_Edited1 [Date_Edited] VB #</Process><Process ToolSource="C:\Program Files\ArcGIS\Desktop10.0\ArcToolbox\Toolboxes\Data Management Tools.tbx\CalculateField" Date="20121219" Time="134525" Name="" export="">CalculateField PPR_Assets_19Dec2012 Edited_By1 [Edited_By] VB #</Process><Process ToolSource="C:\Program Files\ArcGIS\Desktop10.0\ArcToolbox\Toolboxes\Data Management Tools.tbx\CalculateField" Date="20121219" Time="134946" Name="" export="">CalculateField PPR_Assets_2012 Asset_Name [Asset_Name1] VB #</Process><Process ToolSource="C:\Program Files\ArcGIS\Desktop10.0\ArcToolbox\Toolboxes\Data Management Tools.tbx\CalculateField" Date="20121219" Time="135028" Name="" export="">CalculateField PPR_Assets_2012 Site_Name [Site_Name1] VB #</Process><Process ToolSource="C:\Program Files\ArcGIS\Desktop10.0\ArcToolbox\Toolboxes\Data Management Tools.tbx\CalculateField" Date="20121219" Time="135101" Name="" export="">CalculateField PPR_Assets_2012 Child_Of [ChildOf1] VB #</Process><Process ToolSource="C:\Program Files\ArcGIS\Desktop10.0\ArcToolbox\Toolboxes\Data Management Tools.tbx\CalculateField" Date="20121219" Time="135132" Name="" export="">CalculateField PPR_Assets_2012 Address [Address1] VB #</Process><Process ToolSource="C:\Program Files\ArcGIS\Desktop10.0\ArcToolbox\Toolboxes\Data Management Tools.tbx\CalculateField" Date="20121219" Time="135357" Name="" export="">CalculateField PPR_Assets_2012 Use [Use1] VB #</Process><Process ToolSource="C:\Program Files\ArcGIS\Desktop10.0\ArcToolbox\Toolboxes\Data Management Tools.tbx\CalculateField" Date="20121219" Time="145200" Name="" export="">CalculateField PPR_Assets_2012 Type "G2" VB #</Process><Process ToolSource="C:\Program Files\ArcGIS\Desktop10.0\ArcToolbox\Toolboxes\Data Management Tools.tbx\CalculateField" Date="20121219" Time="145247" Name="" export="">CalculateField PPR_Assets_2012 Use [Use1] VB #</Process><Process ToolSource="C:\Program Files\ArcGIS\Desktop10.0\ArcToolbox\Toolboxes\Data Management Tools.tbx\CalculateField" Date="20121219" Time="145327" Name="" export="">CalculateField PPR_Assets_2012 Description [Description1] VB #</Process><Process ToolSource="C:\Program Files\ArcGIS\Desktop10.0\ArcToolbox\Toolboxes\Data Management Tools.tbx\CalculateField" Date="20121219" Time="145443" Name="" export="">CalculateField PPR_Assets_2012 Fields [Fields1] VB #</Process><Process ToolSource="C:\Program Files\ArcGIS\Desktop10.0\ArcToolbox\Toolboxes\Data Management Tools.tbx\CalculateField" Date="20121219" Time="145521" Name="" export="">CalculateField PPR_Assets_2012 Courts [Courts1] VB #</Process><Process ToolSource="C:\Program Files\ArcGIS\Desktop10.0\ArcToolbox\Toolboxes\Data Management Tools.tbx\CalculateField" Date="20121219" Time="145556" Name="" export="">CalculateField PPR_Assets_2012 Play_Equiptment [PlayEquip1] VB #</Process><Process ToolSource="C:\Program Files\ArcGIS\Desktop10.0\ArcToolbox\Toolboxes\Data Management Tools.tbx\CalculateField" Date="20121219" Time="145651" Name="" export="">CalculateField PPR_Assets_2012 Spray_Grounds [Spray_Grounds1] VB #</Process><Process ToolSource="C:\Program Files\ArcGIS\Desktop10.0\ArcToolbox\Toolboxes\Data Management Tools.tbx\CalculateField" Date="20121219" Time="145733" Name="" export="">CalculateField PPR_Assets_2012 Pool [Pool1] VB #</Process><Process ToolSource="C:\Program Files\ArcGIS\Desktop10.0\ArcToolbox\Toolboxes\Data Management Tools.tbx\CalculateField" Date="20121219" Time="145809" Name="" export="">CalculateField PPR_Assets_2012 Former_Dept [Formerdept1] VB #</Process><Process ToolSource="C:\Program Files\ArcGIS\Desktop10.0\ArcToolbox\Toolboxes\Data Management Tools.tbx\CalculateField" Date="20121219" Time="145908" Name="" export="">CalculateField PPR_Assets_2012 Main_By [Mainby1] VB #</Process><Process ToolSource="C:\Program Files\ArcGIS\Desktop10.0\ArcToolbox\Toolboxes\Data Management Tools.tbx\CalculateField" Date="20121219" Time="145932" Name="" export="">CalculateField PPR_Assets_2012 Owner [Owner1] VB #</Process><Process ToolSource="C:\Program Files\ArcGIS\Desktop10.0\ArcToolbox\Toolboxes\Data Management Tools.tbx\CalculateField" Date="20121219" Time="150057" Name="" export="">CalculateField PPR_Assets_2012 CPO_Owner [CPO_Owner1] VB #</Process><Process ToolSource="C:\Program Files\ArcGIS\Desktop10.0\ArcToolbox\Toolboxes\Data Management Tools.tbx\CalculateField" Date="20121219" Time="150125" Name="" export="">CalculateField PPR_Assets_2012 OPA_Owner [OPA_Owner1] VB #</Process><Process ToolSource="C:\Program Files\ArcGIS\Desktop10.0\ArcToolbox\Toolboxes\Data Management Tools.tbx\CalculateField" Date="20121219" Time="150154" Name="" export="">CalculateField PPR_Assets_2012 PWD_Owner [PWD_Owner1] VB #</Process><Process ToolSource="C:\Program Files\ArcGIS\Desktop10.0\ArcToolbox\Toolboxes\Data Management Tools.tbx\CalculateField" Date="20121219" Time="152142" Name="" export="">CalculateField PPR_Assets_2012 Other_Owner [Other_Owner1] VB #</Process><Process ToolSource="C:\Program Files\ArcGIS\Desktop10.0\ArcToolbox\Toolboxes\Data Management Tools.tbx\CalculateField" Date="20121219" Time="152208" Name="" export="">CalculateField PPR_Assets_2012 OPM [OPM1] VB #</Process><Process ToolSource="C:\Program Files\ArcGIS\Desktop10.0\ArcToolbox\Toolboxes\Data Management Tools.tbx\CalculateField" Date="20121219" Time="152239" Name="" export="">CalculateField PPR_Assets_2012 Council_Dist [Council_Dist1] VB #</Process><Process ToolSource="C:\Program Files\ArcGIS\Desktop10.0\ArcToolbox\Toolboxes\Data Management Tools.tbx\CalculateField" Date="20121219" Time="152315" Name="" export="">CalculateField PPR_Assets_2012 District [District1] VB #</Process><Process ToolSource="C:\Program Files\ArcGIS\Desktop10.0\ArcToolbox\Toolboxes\Data Management Tools.tbx\CalculateField" Date="20121219" Time="152337" Name="" export="">CalculateField PPR_Assets_2012 Zipcodes [Zipcodes1] VB #</Process><Process ToolSource="C:\Program Files\ArcGIS\Desktop10.0\ArcToolbox\Toolboxes\Data Management Tools.tbx\CalculateField" Date="20121219" Time="152354" Name="" export="">CalculateField PPR_Assets_2012 Allias [Allias1] VB #</Process><Process ToolSource="C:\Program Files\ArcGIS\Desktop10.0\ArcToolbox\Toolboxes\Data Management Tools.tbx\CalculateField" Date="20121219" Time="152424" Name="" export="">CalculateField PPR_Assets_2012 Chronology [Chronology1] VB #</Process><Process ToolSource="C:\Program Files\ArcGIS\Desktop10.0\ArcToolbox\Toolboxes\Data Management Tools.tbx\CalculateField" Date="20121219" Time="152453" Name="" export="">CalculateField PPR_Assets_2012 Notes [Notes1] VB #</Process><Process ToolSource="C:\Program Files\ArcGIS\Desktop10.0\ArcToolbox\Toolboxes\Data Management Tools.tbx\CalculateField" Date="20121219" Time="152530" Name="" export="">CalculateField PPR_Assets_2012 Date_Edited [Date_Edited1] VB #</Process><Process ToolSource="C:\Program Files\ArcGIS\Desktop10.0\ArcToolbox\Toolboxes\Data Management Tools.tbx\CalculateField" Date="20121219" Time="152551" Name="" export="">CalculateField PPR_Assets_2012 Edited_By [Edited_By1] VB #</Process><Process ToolSource="c:\program files\arcgis\desktop10.0\ArcToolbox\Toolboxes\Data Management Tools.tbx\FeatureToPoint" Date="20121221" Time="103500" Name="" export="">FeatureToPoint ice "\\FPCADDC1\GIS Home\GIS_DATA\slash maps\PPR_icerinks_point.shp" CENTROID</Process><Process ToolSource="C:\Program Files\ArcGIS\Desktop10.0\ArcToolbox\Toolboxes\Data Management Tools.tbx\CalculateField" Date="20121221" Time="103623" Name="" export="">CalculateField PPR_icerinks_point Ice_Rink [Asset_Name] VB #</Process><Process ToolSource="c:\program files\arcgis\desktop10.0\ArcToolbox\Toolboxes\Conversion Tools.tbx\FeatureClassToFeatureClass" Date="20130103" Time="151108">FeatureClassToFeatureClass "X:\GIS_DATA\slash maps\PPR_ice_rinks_point.shp" "Database Connections\dc_GEODB2_gis_fpc.sde" PPR_ice_rinks_point # "Address "Address" true true false 50 Text 0 0 ,First,#,X:\GIS_DATA\slash maps\PPR_ice_rinks_point.shp,Address,-1,-1;District "District" true true false 4 Short 0 4 ,First,#,X:\GIS_DATA\slash maps\PPR_ice_rinks_point.shp,District,-1,-1;Zipcodes "Zipcodes" true true false 9 Long 0 9 ,First,#,X:\GIS_DATA\slash maps\PPR_ice_rinks_point.shp,Zipcodes,-1,-1;Ice_Rink "Ice_Rink" true true false 25 Text 0 0 ,First,#,X:\GIS_DATA\slash maps\PPR_ice_rinks_point.shp,Ice_Rink,-1,-1;Website "Website" true true false 100 Text 0 0 ,First,#,X:\GIS_DATA\slash maps\PPR_ice_rinks_point.shp,Website,-1,-1" #</Process><Process ToolSource="C:\Program Files\ArcGIS\Desktop10.0\ArcToolbox\Toolboxes\Data Management Tools.tbx\ChangePrivileges" Date="20130103" Time="154819">ChangePrivileges 'Database Connections\dc_GEODB2_gis_fpc.sde\GIS_FPC.PPR_ice_rinks_point' GIS_ALL_USERS # #</Process><Process ToolSource="C:\Program Files\ArcGIS\Desktop10.0\ArcToolbox\Toolboxes\Data Management Tools.tbx\ChangePrivileges" Date="20130103" Time="154920">ChangePrivileges 'Database Connections\dc_GEODB2_gis_fpc.sde\GIS_FPC.PPR_ice_rinks_point' GIS_ALL_USERS GRANT #</Process><Process ToolSource="C:\Program Files\ArcGIS\Desktop10.0\ArcToolbox\Toolboxes\Data Management Tools.tbx\ChangePrivileges" Date="20130103" Time="164751">ChangePrivileges 'Database Connections\dc_GEODB2_gis_fpc.sde\GIS_FPC.PPR_ice_rinks_point' GIS_ALL_USERS GRANT #</Process><Process ToolSource="c:\program files\arcgis\desktop10.1\ArcToolbox\Toolboxes\Data Management Tools.tbx\CopyFeatures" Date="20140326" Time="141158">CopyFeatures temp_layer X:\GIS_DATA\ParksDept-geodata\Ice_Rinks_point\shapefile\temp\Ice_Rinks_point.shp # 0 0 0</Process><Process ToolSource="c:\program files\arcgis\desktop10.1\ArcToolbox\Toolboxes\Data Management Tools.tbx\Project" Date="20140326" Time="141159">Project X:\GIS_DATA\ParksDept-geodata\Ice_Rinks_point\shapefile\temp\Ice_Rinks_point.shp X:\GIS_DATA\ParksDept-geodata\Ice_Rinks_point\shapefile\Ice_Rinks_point.shp GEOGCS['GCS_WGS_1984',DATUM['D_WGS_1984',SPHEROID['WGS_1984',6378137.0,298.257223563]],PRIMEM['Greenwich',0.0],UNIT['Degree',0.0174532925199433],METADATA['World',-180.0,-90.0,180.0,90.0,0.0,0.0174532925199433,0.0,1262]] WGS_1984_(ITRF00)_To_NAD_1983 PROJCS['NAD_1983_StatePlane_Pennsylvania_South_FIPS_3702_Feet',GEOGCS['GCS_North_American_1983',DATUM['D_North_American_1983',SPHEROID['GRS_1980',6378137.0,298.257222101]],PRIMEM['Greenwich',0.0],UNIT['Degree',0.0174532925199433]],PROJECTION['Lambert_Conformal_Conic'],PARAMETER['False_Easting',1968500.0],PARAMETER['False_Northing',0.0],PARAMETER['Central_Meridian',-77.75],PARAMETER['Standard_Parallel_1',39.93333333333333],PARAMETER['Standard_Parallel_2',40.96666666666667],PARAMETER['Latitude_Of_Origin',39.33333333333334],UNIT['Foot_US',0.3048006096012192]]</Process></lineage><itemProps><itemName Sync="TRUE">Ice_Rinks_point</itemName><imsContentType Sync="TRUE">002</imsContentType><itemSize Sync="TRUE">0.000</itemSize><itemLocation><linkage Sync="TRUE">file://\\FPCADDC1\GIS Home\GIS_DATA\ParksDept-geodata\Ice_Rinks_point\shapefile\temp\Ice_Rinks_point.shp</linkage><protocol Sync="TRUE">Local Area Network</protocol></itemLocation></itemProps><coordRef><type Sync="TRUE">Projected</type><geogcsn Sync="TRUE">GCS_North_American_1983</geogcsn><csUnits Sync="TRUE">Linear Unit: Foot_US (0.304801)</csUnits><projcsn Sync="TRUE">NAD_1983_StatePlane_Pennsylvania_South_FIPS_3702_Feet</projcsn><peXml Sync="TRUE">&lt;ProjectedCoordinateSystem xsi:type='typens:ProjectedCoordinateSystem' xmlns:xsi='http://www.w3.org/2001/XMLSchema-instance' xmlns:xs='http://www.w3.org/2001/XMLSchema' xmlns:typens='http://www.esri.com/schemas/ArcGIS/10.1'&gt;&lt;WKT&gt;PROJCS[&amp;quot;NAD_1983_StatePlane_Pennsylvania_South_FIPS_3702_Feet&amp;quot;,GEOGCS[&amp;quot;GCS_North_American_1983&amp;quot;,DATUM[&amp;quot;D_North_American_1983&amp;quot;,SPHEROID[&amp;quot;GRS_1980&amp;quot;,6378137.0,298.257222101]],PRIMEM[&amp;quot;Greenwich&amp;quot;,0.0],UNIT[&amp;quot;Degree&amp;quot;,0.0174532925199433]],PROJECTION[&amp;quot;Lambert_Conformal_Conic&amp;quot;],PARAMETER[&amp;quot;False_Easting&amp;quot;,1968500.0],PARAMETER[&amp;quot;False_Northing&amp;quot;,0.0],PARAMETER[&amp;quot;Central_Meridian&amp;quot;,-77.75],PARAMETER[&amp;quot;Standard_Parallel_1&amp;quot;,39.93333333333333],PARAMETER[&amp;quot;Standard_Parallel_2&amp;quot;,40.96666666666667],PARAMETER[&amp;quot;Latitude_Of_Origin&amp;quot;,39.33333333333334],UNIT[&amp;quot;Foot_US&amp;quot;,0.3048006096012192],AUTHORITY[&amp;quot;EPSG&amp;quot;,2272]]&lt;/WKT&gt;&lt;XOrigin&gt;-119214200&lt;/XOrigin&gt;&lt;YOrigin&gt;-96198500&lt;/YOrigin&gt;&lt;XYScale&gt;37163717.489134133&lt;/XYScale&gt;&lt;ZOrigin&gt;-100000&lt;/ZOrigin&gt;&lt;ZScale&gt;10000&lt;/ZScale&gt;&lt;MOrigin&gt;-100000&lt;/MOrigin&gt;&lt;MScale&gt;10000&lt;/MScale&gt;&lt;XYTolerance&gt;0.0032808333333333331&lt;/XYTolerance&gt;&lt;ZTolerance&gt;0.001&lt;/ZTolerance&gt;&lt;MTolerance&gt;0.001&lt;/MTolerance&gt;&lt;HighPrecision&gt;true&lt;/HighPrecision&gt;&lt;WKID&gt;102729&lt;/WKID&gt;&lt;LatestWKID&gt;2272&lt;/LatestWKID&gt;&lt;/ProjectedCoordinateSystem&gt;</peXml></coordRef></DataProperties><SyncDate>20140326</SyncDate><SyncTime>14115700</SyncTime></Esri><dataIdInfo><idCitation><resTitle>Philadelphia Parks and Recreation Ice Rink Points</resTitle><presForm><PresFormCd value="005" Sync="TRUE"/></presForm></idCitation><idPurp>The points of ice rinks owned and managed by Philadelphia Parks and Recreation. This layer was created to be used for the Philadelphia Parks and Recreation website. http://www.phila.gov/parksandrecreation/Pages/default.aspx

-Features updated: 1/2/2013
-Attributes updated:1/2/2013
-Metadata updated: 1/2/2013</idPurp><idAbs>&lt;DIV STYLE="text-align:Left;"&gt;&lt;DIV&gt;&lt;DIV&gt;&lt;P&gt;&lt;SPAN&gt;Points were determined by the PPR Assets layer created by the Philadelphia Parks and Recreation Department. Also, the PPR Boundaries layer was used for comparison.&lt;/SPAN&gt;&lt;/P&gt;&lt;P&gt;&lt;SPAN STYLE="font-weight:bold;"&gt;Data Development: &lt;/SPAN&gt;&lt;/P&gt;&lt;UL&gt;&lt;LI&gt;&lt;P&gt;&lt;SPAN&gt;Created layer with PPR Assets and PPR Boundaries layers, provided by Philadelphia Parks and Recreation&lt;/SPAN&gt;&lt;/P&gt;&lt;/LI&gt;&lt;LI&gt;&lt;P&gt;&lt;SPAN&gt;Converted polygons to points&lt;/SPAN&gt;&lt;/P&gt;&lt;/LI&gt;&lt;/UL&gt;&lt;P&gt;&lt;SPAN STYLE="font-weight:bold;"&gt;Key attribute field names and descriptions:&lt;/SPAN&gt;&lt;/P&gt;&lt;UL&gt;&lt;LI&gt;&lt;P&gt;&lt;SPAN&gt;Ice Rink: Name of the Ice Rink&lt;/SPAN&gt;&lt;/P&gt;&lt;/LI&gt;&lt;LI&gt;&lt;P&gt;&lt;SPAN&gt;District: District which the asset lies within. Applies to PPR Districts&lt;/SPAN&gt;&lt;/P&gt;&lt;/LI&gt;&lt;LI&gt;&lt;P&gt;&lt;SPAN&gt;Address: The address of the ice rink&lt;/SPAN&gt;&lt;/P&gt;&lt;/LI&gt;&lt;LI&gt;&lt;P&gt;&lt;SPAN&gt;Zipcode: The zipcode of the ice rink&lt;/SPAN&gt;&lt;/P&gt;&lt;/LI&gt;&lt;LI&gt;&lt;P&gt;&lt;SPAN&gt;Website: The link to the Philadelphia Parks and Recreation website.&lt;/SPAN&gt;&lt;/P&gt;&lt;/LI&gt;&lt;/UL&gt;&lt;P&gt;&lt;SPAN STYLE="font-weight:bold;"&gt;Coordinate System:&lt;/SPAN&gt;&lt;/P&gt;&lt;UL&gt;&lt;LI&gt;&lt;P&gt;&lt;SPAN&gt;Lambert Conformal Conic, NAD83, PA South Stateplane coordinates, US Foot.&lt;/SPAN&gt;&lt;/P&gt;&lt;/LI&gt;&lt;/UL&gt;&lt;P&gt;&lt;SPAN STYLE="font-weight:bold;"&gt;Thematic Mapping:&lt;/SPAN&gt;&lt;/P&gt;&lt;UL&gt;&lt;LI&gt;&lt;P&gt;&lt;SPAN&gt;For mapping and labeling use the name field&lt;/SPAN&gt;&lt;/P&gt;&lt;/LI&gt;&lt;/UL&gt;&lt;/DIV&gt;&lt;/DIV&gt;&lt;/DIV&gt;</idAbs><envirDesc Sync="TRUE">Microsoft Windows 7 Version 6.1 (Build 7601) Service Pack 1; Esri ArcGIS 10.1.1.3143</envirDesc><dataLang><languageCode value="eng" Sync="TRUE"/><countryCode value="USA" Sync="TRUE"/></dataLang><spatRpType><SpatRepTypCd value="001" Sync="TRUE"/></spatRpType><idCredit>Vanessa Miller, GIS Intern, vanessa.miller.city@gmail.com
Philadelphia Parks and Recreation
1515 Arch Street, 10 Fl, Philadelphia, PA  19102-1583
215-683-0236


For further contact information contact: 
Nora Dougherty at Philadelphia Parks and Recreation
nora.dougherty@phila.gov
215-683-0235</idCredit><resConst><Consts><useLimit>&lt;DIV STYLE="text-align:Left;"&gt;&lt;DIV&gt;&lt;DIV&gt;&lt;P&gt;&lt;SPAN&gt;The City of Philadelphia makes no representation about the accuracy of any specific information in this GIS data and is provided “as is” and without Warranty of any kind. The user of this data will assume complete responsibility for any and all occurrences resulting from its use or display and will hold the City of Philadelphia harmless from any and all claims, demands, liabilities, obligations, damages, suits, judgments or settlements, including reasonable costs and attorneys' fees, that arise from use of this data.&lt;/SPAN&gt;&lt;/P&gt;&lt;/DIV&gt;&lt;/DIV&gt;&lt;/DIV&gt;</useLimit></Consts></resConst><searchKeys><keyword>City of Philadelphia</keyword><keyword>Philadelphia Parks and Recreation</keyword><keyword>Ice Rinke</keyword><keyword>PPR</keyword><keyword>Slash Maps</keyword></searchKeys></dataIdInfo><mdLang><languageCode value="eng" Sync="TRUE"/><countryCode value="USA" Sync="TRUE"/></mdLang><distInfo><distFormat><formatName Sync="TRUE">Shapefile</formatName></distFormat><distTranOps><transSize Sync="TRUE">0.000</transSize></distTranOps></distInfo><mdHrLv><ScopeCd value="005" Sync="TRUE"/></mdHrLv><mdHrLvName Sync="TRUE">dataset</mdHrLvName><refSysInfo><RefSystem><refSysID><identCode code="2272" Sync="TRUE" value="2272"/><idCodeSpace Sync="TRUE">EPSG</idCodeSpace><idVersion Sync="TRUE">7.11.2</idVersion></refSysID></RefSystem></refSysInfo><spatRepInfo><VectSpatRep><geometObjs Name="Ice_Rinks_point"><geoObjTyp><GeoObjTypCd value="004" Sync="TRUE"></GeoObjTypCd></geoObjTyp><geoObjCnt Sync="TRUE">0</geoObjCnt></geometObjs><topLvl><TopoLevCd value="001" Sync="TRUE"></TopoLevCd></topLvl></VectSpatRep></spatRepInfo><spdoinfo><ptvctinf><esriterm Name="Ice_Rinks_point"><efeatyp Sync="TRUE">Simple</efeatyp><efeageom code="1" Sync="TRUE"></efeageom><esritopo Sync="TRUE">FALSE</esritopo><efeacnt Sync="TRUE">0</efeacnt><spindex Sync="TRUE">FALSE</spindex><linrefer Sync="TRUE">FALSE</linrefer></esriterm></ptvctinf></spdoinfo><eainfo><detailed Name="Ice_Rinks_point"><enttyp><enttypl Sync="TRUE">Ice_Rinks_point</enttypl><enttypt Sync="TRUE">Feature Class</enttypt><enttypc Sync="TRUE">0</enttypc></enttyp><attr><attrlabl Sync="TRUE">FID</attrlabl><attalias Sync="TRUE">FID</attalias><attrtype Sync="TRUE">OID</attrtype><attwidth Sync="TRUE">4</attwidth><atprecis Sync="TRUE">0</atprecis><attscale Sync="TRUE">0</attscale><attrdef Sync="TRUE">Internal feature number.</attrdef><attrdefs Sync="TRUE">Esri</attrdefs><attrdomv><udom Sync="TRUE">Sequential unique whole numbers that are automatically generated.</udom></attrdomv></attr><attr><attrlabl Sync="TRUE">Shape</attrlabl><attalias Sync="TRUE">Shape</attalias><attrtype Sync="TRUE">Geometry</attrtype><attwidth Sync="TRUE">0</attwidth><atprecis Sync="TRUE">0</atprecis><attscale Sync="TRUE">0</attscale><attrdef Sync="TRUE">Feature geometry.</attrdef><attrdefs Sync="TRUE">ESRI</attrdefs><attrdomv><udom Sync="TRUE">Coordinates defining the features.</udom></attrdomv></attr><attr><attrlabl Sync="TRUE">Address</attrlabl><attalias Sync="TRUE">ADDRESS</attalias><attrtype Sync="TRUE">String</attrtype><attwidth Sync="TRUE">50</attwidth><atprecis Sync="TRUE">0</atprecis><attscale Sync="TRUE">0</attscale></attr><attr><attrlabl Sync="TRUE">District</attrlabl><attalias Sync="TRUE">DISTRICT</attalias><attrtype Sync="TRUE">SmallInteger</attrtype><attwidth Sync="TRUE">4</attwidth><atprecis Sync="TRUE">4</atprecis><attscale Sync="TRUE">0</attscale></attr><attr><attrlabl Sync="TRUE">ICE_RINK</attrlabl><attalias Sync="TRUE">ICE_RINK</attalias><attrtype Sync="TRUE">String</attrtype><attwidth Sync="TRUE">25</attwidth><atprecis Sync="TRUE">0</atprecis><attscale Sync="TRUE">0</attscale></attr><attr><attrlabl Sync="TRUE">WEBSITE</attrlabl><attalias Sync="TRUE">WEBSITE</attalias><attrtype Sync="TRUE">String</attrtype><attwidth Sync="TRUE">100</attwidth><atprecis Sync="TRUE">0</atprecis><attscale Sync="TRUE">0</attscale></attr><attr><attrlabl Sync="TRUE">Zipcodes</attrlabl><attalias Sync="TRUE">ZIPCODES</attalias><attrtype Sync="TRUE">Integer</attrtype><attwidth Sync="TRUE">9</attwidth><atprecis Sync="TRUE">9</atprecis><attscale Sync="TRUE">0</attscale></attr></detailed></eainfo><mdDateSt Sync="TRUE">20140326</mdDateSt><mdChar><CharSetCd value="004" Sync="TRUE"/></mdChar></metadata>
